target,prime,rt,key,participant,prof,primetype,relationtype,primert,paikka,immersion,age,years
СТРАДАТЬ,пострадать,1.34089359990321,j,L21,aine,related,derivation,der,labra,yes,50,36
СМОТРЕТЬ,посмотреть,0.759896200033836,j,L21,aine,related,derivation,der,labra,yes,50,36
СТОЯТЬ,постоять,0.825098900008015,j,L21,aine,related,derivation,der,labra,yes,50,36
ИГРАТЬ,поиграть,0.780271199997515,j,L21,aine,related,derivation,der,labra,yes,50,36
СТАВИТЬ,поставить,0.834353899932466,j,L21,aine,related,derivation,der,labra,yes,50,36
СЛУШАТЬ,послушать,1.04716770001687,j,L21,aine,related,derivation,der,labra,yes,50,36
КУРИТЬ,покурить,1.02336670004297,j,L21,aine,related,derivation,der,labra,yes,50,36
СЧИТАТЬ,посчитать,0.770676999934949,j,L21,aine,related,derivation,der,labra,yes,50,36
ЖЕЛАТЬ,пожелать,0.883155100047588,j,L21,aine,related,derivation,der,labra,yes,50,36
ИСКАТЬ,поискать,0.776597999967635,j,L21,aine,related,derivation,der,labra,yes,50,36
ТЕРЯТЬ,потерять,1.35552969994023,j,L21,aine,related,derivation,der,labra,yes,50,36
ТРАТИТЬ,потратить,0.930081600090489,j,L21,aine,related,derivation,der,labra,yes,50,36
СИДЕТЬ,первый,0.766584799974225,j,L21,aine,a_unrelated,derivation,unrel,labra,yes,50,36
ДУМАТЬ,другой,1.38422460004222,j,L21,aine,a_unrelated,derivation,unrel,labra,yes,50,36
ГОВОРИТЬ,все-таки,0.789786400040612,j,L21,aine,a_unrelated,derivation,unrel,labra,yes,50,36
ЛЕЖАТЬ,полежать,0.963966800016351,j,L21,aine,related,derivation,der,labra,yes,50,36
ДЕРЖАТЬ,работа,1.01064310001675,j,L21,aine,a_unrelated,derivation,unrel,labra,yes,50,36
ВЕРИТЬ,самый,1.09845900000073,j,L21,aine,a_unrelated,derivation,unrel,labra,yes,50,36
СТРОИТЬ,область,0.876318700029515,j,L21,aine,a_unrelated,derivation,unrel,labra,yes,50,36
ПЛАКАТЬ,плакал,0.753114999970421,j,L21,aine,related,inflection,inf,labra,yes,50,36
ВЫБРАТЬ,выбрал,0.792659500031732,j,L21,aine,related,inflection,inf,labra,yes,50,36
ВСТРЕЧАТЬ,встречал,0.758414299925789,j,L21,aine,related,inflection,inf,labra,yes,50,36
КРИЧАТЬ,кричал,0.739779100054875,j,L21,aine,related,inflection,inf,labra,yes,50,36
СООБЩИТЬ,сообщил,0.804619299946353,j,L21,aine,related,inflection,inf,labra,yes,50,36
УБИТЬ,убил,0.71200709999539,j,L21,aine,related,inflection,inf,labra,yes,50,36
БЕЖАТЬ,бежал,0.833002100000158,j,L21,aine,related,inflection,inf,labra,yes,50,36
БРОСИТЬ,никакой,0.931368199991994,j,L21,aine,a_unrelated,inflection,unrel,labra,yes,50,36
УМЕТЬ,умел,0.735125999897718,j,L21,aine,related,inflection,inf,labra,yes,50,36
ПОНЯТЬ,хорошо,0.825793500058353,j,L21,aine,a_unrelated,inflection,unrel,labra,yes,50,36
НАЧАТЬ,всякий,0.771712300018407,j,L21,aine,a_unrelated,inflection,unrel,labra,yes,50,36
ПИСАТЬ,черный,0.686042400076985,j,L21,aine,a_unrelated,inflection,unrel,labra,yes,50,36
РЕШИТЬ,далекий,0.836910999962129,j,L21,aine,a_unrelated,inflection,unrel,labra,yes,50,36
СЛЫШАТЬ,история,1.19146159989759,j,L21,aine,a_unrelated,inflection,unrel,labra,yes,50,36
ПОМНИТЬ,власть,1.32684069999959,j,L21,aine,a_unrelated,inflection,unrel,labra,yes,50,36
УЗНАТЬ,тысяча,0.832907799980603,j,L21,aine,a_unrelated,inflection,unrel,labra,yes,50,36
ОЖИДАТЬ,внимание,1.30692820006516,j,L21,aine,a_unrelated,inflection,unrel,labra,yes,50,36
СНИМАТЬ,развитие,0.831728300079703,j,L21,aine,a_unrelated,inflection,unrel,labra,yes,50,36
ЗАБЫТЬ,забыл,1.0710548000643,j,L21,aine,related,inflection,inf,labra,yes,50,36
СОБРАТЬ,собрал,0.924072400084697,j,L21,aine,related,inflection,inf,labra,yes,50,36
СМОТРЕТЬ,посмотреть,0.732157499995083,j,L23,aine,related,derivation,der,labra,yes,50,10
СТОЯТЬ,постоять,0.966716399998404,j,L23,aine,related,derivation,der,labra,yes,50,10
ИГРАТЬ,поиграть,0.745236800052226,j,L23,aine,related,derivation,der,labra,yes,50,10
СТАВИТЬ,поставить,0.881460599950515,j,L23,aine,related,derivation,der,labra,yes,50,10
СЛУШАТЬ,послушать,1.13351249997504,j,L23,aine,related,derivation,der,labra,yes,50,10
ПРОСИТЬ,попросить,0.992641599965282,j,L23,aine,related,derivation,der,labra,yes,50,10
КУРИТЬ,покурить,0.781962300068699,j,L23,aine,related,derivation,der,labra,yes,50,10
ИСКАТЬ,поискать,0.606107299914584,j,L23,aine,related,derivation,der,labra,yes,50,10
ТЕРЯТЬ,потерять,1.12724820000585,j,L23,aine,related,derivation,der,labra,yes,50,10
СИДЕТЬ,первый,0.758279699948616,j,L23,aine,a_unrelated,derivation,unrel,labra,yes,50,10
ДУМАТЬ,другой,0.59755100007169,j,L23,aine,a_unrelated,derivation,unrel,labra,yes,50,10
ГОВОРИТЬ,все-таки,0.632730199955404,j,L23,aine,a_unrelated,derivation,unrel,labra,yes,50,10
ЛЕЖАТЬ,полежать,0.732831800007261,j,L23,aine,related,derivation,der,labra,yes,50,10
ВЕРИТЬ,самый,0.695177800022066,j,L23,aine,a_unrelated,derivation,unrel,labra,yes,50,10
ПЛАКАТЬ,плакал,0.796157700009644,j,L23,aine,related,inflection,inf,labra,yes,50,10
ВЫБРАТЬ,выбрал,0.847522599971853,j,L23,aine,related,inflection,inf,labra,yes,50,10
СООБЩИТЬ,сообщил,0.979220799985342,j,L23,aine,related,inflection,inf,labra,yes,50,10
УБИТЬ,убил,0.95189060003031,j,L23,aine,related,inflection,inf,labra,yes,50,10
БРОСИТЬ,никакой,0.907899499987252,j,L23,aine,a_unrelated,inflection,unrel,labra,yes,50,10
УМЕТЬ,умел,0.669417300028726,j,L23,aine,related,inflection,inf,labra,yes,50,10
ПОНЯТЬ,хорошо,0.717809699941427,j,L23,aine,a_unrelated,inflection,unrel,labra,yes,50,10
НАЧАТЬ,всякий,0.633779800031334,j,L23,aine,a_unrelated,inflection,unrel,labra,yes,50,10
ПИСАТЬ,черный,0.757255399948917,j,L23,aine,a_unrelated,inflection,unrel,labra,yes,50,10
РЕШИТЬ,далекий,0.726705999928527,j,L23,aine,a_unrelated,inflection,unrel,labra,yes,50,10
СЛЫШАТЬ,история,1.1898688999936,j,L23,aine,a_unrelated,inflection,unrel,labra,yes,50,10
ПОМНИТЬ,власть,1.76799490000121,j,L23,aine,a_unrelated,inflection,unrel,labra,yes,50,10
УЗНАТЬ,тысяча,0.722518300055526,j,L23,aine,a_unrelated,inflection,unrel,labra,yes,50,10
СНИМАТЬ,развитие,0.990631300024688,j,L23,aine,a_unrelated,inflection,unrel,labra,yes,50,10
СТРАДАТЬ,пострадать,0.804067199816927,j,L26,aine,related,derivation,der,labra,yes,21,5
СМОТРЕТЬ,посмотреть,0.544028399977833,j,L26,aine,related,derivation,der,labra,yes,21,5
СТОЯТЬ,постоять,0.704055299982429,j,L26,aine,related,derivation,der,labra,yes,21,5
ИГРАТЬ,поиграть,0.641841700067744,j,L26,aine,related,derivation,der,labra,yes,21,5
СТАВИТЬ,поставить,0.535389899974689,j,L26,aine,related,derivation,der,labra,yes,21,5
СЛУШАТЬ,послушать,0.543978399829939,j,L26,aine,related,derivation,der,labra,yes,21,5
ПРОСИТЬ,попросить,0.531489299843088,j,L26,aine,related,derivation,der,labra,yes,21,5
КУРИТЬ,покурить,0.541604900034145,j,L26,aine,related,derivation,der,labra,yes,21,5
СЧИТАТЬ,посчитать,0.589834999991581,j,L26,aine,related,derivation,der,labra,yes,21,5
ЖЕЛАТЬ,пожелать,0.694686400005594,j,L26,aine,related,derivation,der,labra,yes,21,5
ИСКАТЬ,поискать,0.498418100178242,j,L26,aine,related,derivation,der,labra,yes,21,5
ТЕРЯТЬ,потерять,0.55852170009166,j,L26,aine,related,derivation,der,labra,yes,21,5
ТРАТИТЬ,потратить,0.591428000014275,j,L26,aine,related,derivation,der,labra,yes,21,5
СИДЕТЬ,первый,0.59457640000619,j,L26,aine,a_unrelated,derivation,unrel,labra,yes,21,5
ДУМАТЬ,другой,0.530850399984047,j,L26,aine,a_unrelated,derivation,unrel,labra,yes,21,5
ГОВОРИТЬ,все-таки,0.662217899924144,j,L26,aine,a_unrelated,derivation,unrel,labra,yes,21,5
ЗВОНИТЬ,большой,0.506192999891937,j,L26,aine,related,derivation,der,labra,yes,21,5
ДЕРЖАТЬ,работа,0.566489299992099,j,L26,aine,a_unrelated,derivation,unrel,labra,yes,21,5
ВЕРИТЬ,самый,0.554729900090024,j,L26,aine,a_unrelated,derivation,unrel,labra,yes,21,5
СТРОИТЬ,область,0.61086090002209,j,L26,aine,a_unrelated,derivation,unrel,labra,yes,21,5
ПЛАКАТЬ,плакал,,None,L26,aine,related,inflection,inf,labra,yes,21,5
ВЫБРАТЬ,выбрал,0.492890000110492,j,L26,aine,related,inflection,inf,labra,yes,21,5
ВСТРЕЧАТЬ,встречал,0.629952500108629,j,L26,aine,related,inflection,inf,labra,yes,21,5
КРИЧАТЬ,кричал,0.581142400158569,j,L26,aine,related,inflection,inf,labra,yes,21,5
УБИТЬ,убил,0.727714900160208,j,L26,aine,related,inflection,inf,labra,yes,21,5
БЕЖАТЬ,бежал,0.526901999954134,j,L26,aine,related,inflection,inf,labra,yes,21,5
БРОСИТЬ,никакой,0.581533600110561,j,L26,aine,a_unrelated,inflection,unrel,labra,yes,21,5
УМЕТЬ,умел,0.525415500160307,j,L26,aine,related,inflection,inf,labra,yes,21,5
ПОНЯТЬ,хорошо,0.577192299999297,j,L26,aine,a_unrelated,inflection,unrel,labra,yes,21,5
ПИСАТЬ,черный,0.54683420015499,j,L26,aine,a_unrelated,inflection,unrel,labra,yes,21,5
РЕШИТЬ,далекий,0.659060799982399,j,L26,aine,a_unrelated,inflection,unrel,labra,yes,21,5
СЛЫШАТЬ,история,0.70865450007841,j,L26,aine,a_unrelated,inflection,unrel,labra,yes,21,5
ПОМНИТЬ,власть,0.562230900162831,j,L26,aine,a_unrelated,inflection,unrel,labra,yes,21,5
УЗНАТЬ,тысяча,0.786700899945572,j,L26,aine,a_unrelated,inflection,unrel,labra,yes,21,5
ОЖИДАТЬ,внимание,0.944971600081772,j,L26,aine,a_unrelated,inflection,unrel,labra,yes,21,5
СНИМАТЬ,развитие,0.524984299903736,j,L26,aine,a_unrelated,inflection,unrel,labra,yes,21,5
ЗАБЫТЬ,забыл,0.592463500099257,j,L26,aine,related,inflection,inf,labra,yes,21,5
СОБРАТЬ,собрал,0.547797800041735,j,L26,aine,related,inflection,inf,labra,yes,21,5
СТРАДАТЬ,пострадать,0.649798200000078,j,L27,syv,related,derivation,der,labra,yes,26,15
СМОТРЕТЬ,посмотреть,0.5699829000514,j,L27,syv,related,derivation,der,labra,yes,26,15
СТОЯТЬ,постоять,0.544185099890456,j,L27,syv,related,derivation,der,labra,yes,26,15
ИГРАТЬ,поиграть,0.590759299928322,j,L27,syv,related,derivation,der,labra,yes,26,15
СТАВИТЬ,поставить,0.772718399995938,j,L27,syv,related,derivation,der,labra,yes,26,15
СЛУШАТЬ,послушать,0.954197800019756,j,L27,syv,related,derivation,der,labra,yes,26,15
ПРОСИТЬ,попросить,0.71668710000813,j,L27,syv,related,derivation,der,labra,yes,26,15
КУРИТЬ,покурить,0.62196179991588,j,L27,syv,related,derivation,der,labra,yes,26,15
СЧИТАТЬ,посчитать,0.582482300000265,j,L27,syv,related,derivation,der,labra,yes,26,15
ЖЕЛАТЬ,пожелать,0.704672800144181,j,L27,syv,related,derivation,der,labra,yes,26,15
ИСКАТЬ,поискать,0.626262299949303,j,L27,syv,related,derivation,der,labra,yes,26,15
ТЕРЯТЬ,потерять,0.573816699907184,j,L27,syv,related,derivation,der,labra,yes,26,15
ТРАТИТЬ,потратить,0.601367399794981,j,L27,syv,related,derivation,der,labra,yes,26,15
СИДЕТЬ,первый,0.614687799941748,j,L27,syv,a_unrelated,derivation,unrel,labra,yes,26,15
ДУМАТЬ,другой,0.509144000010565,j,L27,syv,a_unrelated,derivation,unrel,labra,yes,26,15
ГОВОРИТЬ,все-таки,0.77820760011673,j,L27,syv,a_unrelated,derivation,unrel,labra,yes,26,15
ЛЕЖАТЬ,полежать,0.673553999979049,j,L27,syv,related,derivation,der,labra,yes,26,15
ДЕРЖАТЬ,работа,0.993518699891865,j,L27,syv,a_unrelated,derivation,unrel,labra,yes,26,15
ВЕРИТЬ,самый,0.824583900161088,j,L27,syv,a_unrelated,derivation,unrel,labra,yes,26,15
СТРОИТЬ,область,0.749674600083381,j,L27,syv,a_unrelated,derivation,unrel,labra,yes,26,15
ПЛАКАТЬ,плакал,0.581745700212196,j,L27,syv,related,inflection,inf,labra,yes,26,15
ВЫБРАТЬ,выбрал,0.631904999958351,j,L27,syv,related,inflection,inf,labra,yes,26,15
ВСТРЕЧАТЬ,встречал,0.562566899927333,j,L27,syv,related,inflection,inf,labra,yes,26,15
КРИЧАТЬ,кричал,0.618648500181735,j,L27,syv,related,inflection,inf,labra,yes,26,15
СООБЩИТЬ,сообщил,0.743923800066114,j,L27,syv,related,inflection,inf,labra,yes,26,15
УБИТЬ,убил,1.12767540011555,j,L27,syv,related,inflection,inf,labra,yes,26,15
БЕЖАТЬ,бежал,0.822308800183237,j,L27,syv,related,inflection,inf,labra,yes,26,15
БРОСИТЬ,никакой,0.665018699830398,j,L27,syv,a_unrelated,inflection,unrel,labra,yes,26,15
УМЕТЬ,умел,0.641108099836856,j,L27,syv,related,inflection,inf,labra,yes,26,15
ПОНЯТЬ,хорошо,0.651083400007337,j,L27,syv,a_unrelated,inflection,unrel,labra,yes,26,15
НАЧАТЬ,всякий,0.744041500147432,j,L27,syv,a_unrelated,inflection,unrel,labra,yes,26,15
ПИСАТЬ,черный,0.632826799992472,j,L27,syv,a_unrelated,inflection,unrel,labra,yes,26,15
РЕШИТЬ,далекий,0.615677100140601,j,L27,syv,a_unrelated,inflection,unrel,labra,yes,26,15
СЛЫШАТЬ,история,0.648142000194639,j,L27,syv,a_unrelated,inflection,unrel,labra,yes,26,15
ПОМНИТЬ,власть,0.721052999841049,j,L27,syv,a_unrelated,inflection,unrel,labra,yes,26,15
УЗНАТЬ,тысяча,0.736690899822861,j,L27,syv,a_unrelated,inflection,unrel,labra,yes,26,15
ОЖИДАТЬ,внимание,0.707359000109136,j,L27,syv,a_unrelated,inflection,unrel,labra,yes,26,15
СНИМАТЬ,развитие,0.766937599983066,j,L27,syv,a_unrelated,inflection,unrel,labra,yes,26,15
ЗАБЫТЬ,забыл,0.521446499973536,j,L27,syv,related,inflection,inf,labra,yes,26,15
СОБРАТЬ,собрал,0.675017600180581,j,L27,syv,related,inflection,inf,labra,yes,26,15
СТРАДАТЬ,пострадать,0.536297799999374,j,L29,aine,related,derivation,der,labra,yes,40,5
СТОЯТЬ,постоять,0.656142800000453,j,L29,aine,related,derivation,der,labra,yes,40,5
ИГРАТЬ,поиграть,0.572120400000131,j,L29,aine,related,derivation,der,labra,yes,40,5
СТАВИТЬ,поставить,0.537660099999812,j,L29,aine,related,derivation,der,labra,yes,40,5
СЛУШАТЬ,послушать,0.537652500000149,j,L29,aine,related,derivation,der,labra,yes,40,5
ПРОСИТЬ,попросить,0.578928300000371,j,L29,aine,related,derivation,der,labra,yes,40,5
КУРИТЬ,покурить,0.611838999999236,j,L29,aine,related,derivation,der,labra,yes,40,5
СЧИТАТЬ,посчитать,0.730723900000157,j,L29,aine,related,derivation,der,labra,yes,40,5
ЖЕЛАТЬ,пожелать,0.594393200000013,j,L29,aine,related,derivation,der,labra,yes,40,5
ИСКАТЬ,поискать,0.586033700000371,j,L29,aine,related,derivation,der,labra,yes,40,5
ТЕРЯТЬ,потерять,0.646828000000824,j,L29,aine,related,derivation,der,labra,yes,40,5
ТРАТИТЬ,потратить,0.60593450000033,j,L29,aine,related,derivation,der,labra,yes,40,5
СИДЕТЬ,первый,0.582803699999204,j,L29,aine,a_unrelated,derivation,unrel,labra,yes,40,5
ДУМАТЬ,другой,0.488339399999859,j,L29,aine,a_unrelated,derivation,unrel,labra,yes,40,5
ГОВОРИТЬ,все-таки,0.763201099999606,j,L29,aine,a_unrelated,derivation,unrel,labra,yes,40,5
ЛЕЖАТЬ,полежать,0.516490799999701,j,L29,aine,related,derivation,der,labra,yes,40,5
ДЕРЖАТЬ,работа,0.948521199999959,j,L29,aine,a_unrelated,derivation,unrel,labra,yes,40,5
СТРОИТЬ,область,0.586884999999711,j,L29,aine,a_unrelated,derivation,unrel,labra,yes,40,5
ПЛАКАТЬ,плакал,0.56386669999938,j,L29,aine,related,inflection,inf,labra,yes,40,5
ВЫБРАТЬ,выбрал,0.790928099999292,j,L29,aine,related,inflection,inf,labra,yes,40,5
ВСТРЕЧАТЬ,встречал,0.572702100000242,j,L29,aine,related,inflection,inf,labra,yes,40,5
КРИЧАТЬ,кричал,0.439731099999335,j,L29,aine,related,inflection,inf,labra,yes,40,5
УБИТЬ,убил,0.583984599999894,j,L29,aine,related,inflection,inf,labra,yes,40,5
БЕЖАТЬ,бежал,0.591094700000213,j,L29,aine,related,inflection,inf,labra,yes,40,5
БРОСИТЬ,никакой,0.880783599999631,j,L29,aine,a_unrelated,inflection,unrel,labra,yes,40,5
УМЕТЬ,умел,0.594586300000628,j,L29,aine,related,inflection,inf,labra,yes,40,5
ПОНЯТЬ,хорошо,0.587334899999405,j,L29,aine,a_unrelated,inflection,unrel,labra,yes,40,5
НАЧАТЬ,всякий,0.47184180000022,j,L29,aine,a_unrelated,inflection,unrel,labra,yes,40,5
ПИСАТЬ,черный,0.507005700000263,j,L29,aine,a_unrelated,inflection,unrel,labra,yes,40,5
РЕШИТЬ,далекий,0.688826399999925,j,L29,aine,a_unrelated,inflection,unrel,labra,yes,40,5
СЛЫШАТЬ,история,0.713829299999816,j,L29,aine,a_unrelated,inflection,unrel,labra,yes,40,5
ПОМНИТЬ,власть,0.582840099999885,j,L29,aine,a_unrelated,inflection,unrel,labra,yes,40,5
СНИМАТЬ,развитие,0.54277379999985,j,L29,aine,a_unrelated,inflection,unrel,labra,yes,40,5
ЗАБЫТЬ,забыл,0.68794650000018,j,L29,aine,related,inflection,inf,labra,yes,40,5
СТРАДАТЬ,пострадать,0.539910400000736,j,L211,syv,related,derivation,der,labra,yes,40,5
СМОТРЕТЬ,посмотреть,0.451970399999482,j,L211,syv,related,derivation,der,labra,yes,40,5
СТОЯТЬ,постоять,0.534796600000846,j,L211,syv,related,derivation,der,labra,yes,40,5
ИГРАТЬ,поиграть,0.502499800000805,j,L211,syv,related,derivation,der,labra,yes,40,5
СТАВИТЬ,поставить,0.564681300000302,j,L211,syv,related,derivation,der,labra,yes,40,5
СЛУШАТЬ,послушать,0.572702800000116,j,L211,syv,related,derivation,der,labra,yes,40,5
ПРОСИТЬ,попросить,0.528974900000321,j,L211,syv,related,derivation,der,labra,yes,40,5
КУРИТЬ,покурить,0.474033500000587,j,L211,syv,related,derivation,der,labra,yes,40,5
СЧИТАТЬ,посчитать,0.699471599999015,j,L211,syv,related,derivation,der,labra,yes,40,5
ЖЕЛАТЬ,пожелать,0.44787340000039,j,L211,syv,related,derivation,der,labra,yes,40,5
ИСКАТЬ,поискать,0.586730999999418,j,L211,syv,related,derivation,der,labra,yes,40,5
ТЕРЯТЬ,потерять,0.385625400000208,j,L211,syv,related,derivation,der,labra,yes,40,5
ТРАТИТЬ,потратить,0.636680400000842,j,L211,syv,related,derivation,der,labra,yes,40,5
СИДЕТЬ,первый,0.497755899999902,j,L211,syv,a_unrelated,derivation,unrel,labra,yes,40,5
ДУМАТЬ,другой,0.585933099999238,j,L211,syv,a_unrelated,derivation,unrel,labra,yes,40,5
ГОВОРИТЬ,все-таки,0.477791299999808,j,L211,syv,a_unrelated,derivation,unrel,labra,yes,40,5
ЛЕЖАТЬ,полежать,0.630660599999828,j,L211,syv,related,derivation,der,labra,yes,40,5
ДЕРЖАТЬ,работа,0.558135100000072,j,L211,syv,a_unrelated,derivation,unrel,labra,yes,40,5
ВЕРИТЬ,самый,0.436979999998584,j,L211,syv,a_unrelated,derivation,unrel,labra,yes,40,5
СТРОИТЬ,область,0.677269799998612,j,L211,syv,a_unrelated,derivation,unrel,labra,yes,40,5
ПЛАКАТЬ,плакал,0.501274000000194,j,L211,syv,related,inflection,inf,labra,yes,40,5
ВЫБРАТЬ,выбрал,0.64078309999968,j,L211,syv,related,inflection,inf,labra,yes,40,5
ВСТРЕЧАТЬ,встречал,0.553400000000693,j,L211,syv,related,inflection,inf,labra,yes,40,5
КРИЧАТЬ,кричал,0.465558699999747,j,L211,syv,related,inflection,inf,labra,yes,40,5
СООБЩИТЬ,сообщил,0.635302200000297,j,L211,syv,related,inflection,inf,labra,yes,40,5
УБИТЬ,убил,0.416323299999931,j,L211,syv,related,inflection,inf,labra,yes,40,5
БЕЖАТЬ,бежал,0.474118800000724,j,L211,syv,related,inflection,inf,labra,yes,40,5
БРОСИТЬ,никакой,0.344281300000148,j,L211,syv,a_unrelated,inflection,unrel,labra,yes,40,5
УМЕТЬ,умел,0.680604099999982,j,L211,syv,related,inflection,inf,labra,yes,40,5
ПОНЯТЬ,хорошо,0.644759700000577,j,L211,syv,a_unrelated,inflection,unrel,labra,yes,40,5
НАЧАТЬ,всякий,0.513480499999787,j,L211,syv,a_unrelated,inflection,unrel,labra,yes,40,5
ПИСАТЬ,черный,0.541538800000126,j,L211,syv,a_unrelated,inflection,unrel,labra,yes,40,5
РЕШИТЬ,далекий,0.690635400000247,j,L211,syv,a_unrelated,inflection,unrel,labra,yes,40,5
СЛЫШАТЬ,история,0.90801780000038,j,L211,syv,a_unrelated,inflection,unrel,labra,yes,40,5
ПОМНИТЬ,власть,0.337454500000604,j,L211,syv,a_unrelated,inflection,unrel,labra,yes,40,5
УЗНАТЬ,тысяча,0.518630100001246,j,L211,syv,a_unrelated,inflection,unrel,labra,yes,40,5
СНИМАТЬ,развитие,0.54840460000014,j,L211,syv,a_unrelated,inflection,unrel,labra,yes,40,5
ЗАБЫТЬ,забыл,0.459912300000724,j,L211,syv,related,inflection,inf,labra,yes,40,5
СОБРАТЬ,собрал,0.620631499999945,j,L211,syv,related,inflection,inf,labra,yes,40,5
СТРАДАТЬ,пострадать,0.813088800001424,j,L213,aine,related,derivation,der,labra,no,20,4
СМОТРЕТЬ,посмотреть,0.751560500008054,j,L213,aine,related,derivation,der,labra,no,20,4
СТОЯТЬ,постоять,0.646694099996239,j,L213,aine,related,derivation,der,labra,no,20,4
ИГРАТЬ,поиграть,0.5589702000143,j,L213,aine,related,derivation,der,labra,no,20,4
СТАВИТЬ,поставить,0.590566599974409,j,L213,aine,related,derivation,der,labra,no,20,4
СЛУШАТЬ,послушать,0.580775399983395,j,L213,aine,related,derivation,der,labra,no,20,4
ПРОСИТЬ,попросить,0.60427750000963,j,L213,aine,related,derivation,der,labra,no,20,4
КУРИТЬ,покурить,0.591437400027644,j,L213,aine,related,derivation,der,labra,no,20,4
СЧИТАТЬ,посчитать,0.600942500052042,j,L213,aine,related,derivation,der,labra,no,20,4
ЖЕЛАТЬ,пожелать,1.04780010000104,j,L213,aine,related,derivation,der,labra,no,20,4
ИСКАТЬ,поискать,0.80353340000147,j,L213,aine,related,derivation,der,labra,no,20,4
ТЕРЯТЬ,потерять,0.791952900006436,j,L213,aine,related,derivation,der,labra,no,20,4
ТРАТИТЬ,потратить,0.640977699949872,j,L213,aine,related,derivation,der,labra,no,20,4
СИДЕТЬ,первый,0.63905200001318,j,L213,aine,a_unrelated,derivation,unrel,labra,no,20,4
ДУМАТЬ,другой,0.582678199978545,j,L213,aine,a_unrelated,derivation,unrel,labra,no,20,4
ГОВОРИТЬ,все-таки,0.634597300027963,j,L213,aine,a_unrelated,derivation,unrel,labra,no,20,4
ЛЕЖАТЬ,полежать,0.558413799968548,j,L213,aine,related,derivation,der,labra,no,20,4
ДЕРЖАТЬ,работа,0.803744500037283,j,L213,aine,a_unrelated,derivation,unrel,labra,no,20,4
ВЕРИТЬ,самый,1.07350589998532,j,L213,aine,a_unrelated,derivation,unrel,labra,no,20,4
СТРОИТЬ,область,0.832995400007349,j,L213,aine,a_unrelated,derivation,unrel,labra,no,20,4
ПЛАКАТЬ,плакал,1.04464630002622,j,L213,aine,related,inflection,inf,labra,no,20,4
ВЫБРАТЬ,выбрал,0.657331899972633,j,L213,aine,related,inflection,inf,labra,no,20,4
ВСТРЕЧАТЬ,встречал,1.31816230004188,j,L213,aine,related,inflection,inf,labra,no,20,4
КРИЧАТЬ,кричал,0.603108000010252,j,L213,aine,related,inflection,inf,labra,no,20,4
СООБЩИТЬ,сообщил,0.643608399957884,j,L213,aine,related,inflection,inf,labra,no,20,4
УБИТЬ,убил,0.728612700011581,j,L213,aine,related,inflection,inf,labra,no,20,4
БЕЖАТЬ,бежал,0.656520200020168,j,L213,aine,related,inflection,inf,labra,no,20,4
БРОСИТЬ,никакой,0.564839099999517,j,L213,aine,a_unrelated,inflection,unrel,labra,no,20,4
УМЕТЬ,умел,0.841981300036423,j,L213,aine,related,inflection,inf,labra,no,20,4
ПОНЯТЬ,хорошо,1.12712249998003,j,L213,aine,a_unrelated,inflection,unrel,labra,no,20,4
НАЧАТЬ,всякий,0.636238200007938,j,L213,aine,a_unrelated,inflection,unrel,labra,no,20,4
ПИСАТЬ,черный,0.599808699975256,j,L213,aine,a_unrelated,inflection,unrel,labra,no,20,4
РЕШИТЬ,далекий,0.663156400027219,j,L213,aine,a_unrelated,inflection,unrel,labra,no,20,4
СЛЫШАТЬ,история,0.66835190000711,j,L213,aine,a_unrelated,inflection,unrel,labra,no,20,4
ПОМНИТЬ,власть,1.12110590003431,j,L213,aine,a_unrelated,inflection,unrel,labra,no,20,4
УЗНАТЬ,тысяча,0.551560599997174,j,L213,aine,a_unrelated,inflection,unrel,labra,no,20,4
ОЖИДАТЬ,внимание,0.890373900008854,j,L213,aine,a_unrelated,inflection,unrel,labra,no,20,4
СНИМАТЬ,развитие,0.619292700022925,j,L213,aine,a_unrelated,inflection,unrel,labra,no,20,4
ЗАБЫТЬ,забыл,0.682625999965239,j,L213,aine,related,inflection,inf,labra,no,20,4
СОБРАТЬ,собрал,1.00524530000985,j,L213,aine,related,inflection,inf,labra,no,20,4
СТРАДАТЬ,пострадать,0.612378600053489,j,L215,perus,related,derivation,der,labra,no,20,7
СМОТРЕТЬ,посмотреть,0.546215899987146,j,L215,perus,related,derivation,der,labra,no,20,7
СТОЯТЬ,постоять,0.717903800075874,j,L215,perus,related,derivation,der,labra,no,20,7
ИГРАТЬ,поиграть,0.580247099976987,j,L215,perus,related,derivation,der,labra,no,20,7
СТАВИТЬ,поставить,1.09433689992875,j,L215,perus,related,derivation,der,labra,no,20,7
СЛУШАТЬ,послушать,0.638684699893929,j,L215,perus,related,derivation,der,labra,no,20,7
ПРОСИТЬ,попросить,0.766193600022234,j,L215,perus,related,derivation,der,labra,no,20,7
КУРИТЬ,покурить,0.631987300002947,j,L215,perus,related,derivation,der,labra,no,20,7
СЧИТАТЬ,посчитать,0.611005899962038,j,L215,perus,related,derivation,der,labra,no,20,7
ЖЕЛАТЬ,пожелать,0.534213699982502,j,L215,perus,related,derivation,der,labra,no,20,7
ИСКАТЬ,поискать,0.63689099997282,j,L215,perus,related,derivation,der,labra,no,20,7
ТЕРЯТЬ,потерять,0.668236800003797,j,L215,perus,related,derivation,der,labra,no,20,7
ТРАТИТЬ,потратить,0.746732499916106,j,L215,perus,related,derivation,der,labra,no,20,7
СИДЕТЬ,первый,0.520101999980398,j,L215,perus,a_unrelated,derivation,unrel,labra,no,20,7
ДУМАТЬ,другой,0.670882700011134,j,L215,perus,a_unrelated,derivation,unrel,labra,no,20,7
ЛЕЖАТЬ,полежать,0.636992300045677,j,L215,perus,related,derivation,der,labra,no,20,7
ДЕРЖАТЬ,работа,0.903891800087877,j,L215,perus,a_unrelated,derivation,unrel,labra,no,20,7
ВЕРИТЬ,самый,0.745649899938144,j,L215,perus,a_unrelated,derivation,unrel,labra,no,20,7
СТРОИТЬ,область,0.789154500002041,j,L215,perus,a_unrelated,derivation,unrel,labra,no,20,7
ПЛАКАТЬ,плакал,0.6164240000071,j,L215,perus,related,inflection,inf,labra,no,20,7
ВСТРЕЧАТЬ,встречал,0.637796199996956,j,L215,perus,related,inflection,inf,labra,no,20,7
КРИЧАТЬ,кричал,0.629535499960184,j,L215,perus,related,inflection,inf,labra,no,20,7
СООБЩИТЬ,сообщил,0.786872699973173,j,L215,perus,related,inflection,inf,labra,no,20,7
УБИТЬ,убил,0.72752810001839,j,L215,perus,related,inflection,inf,labra,no,20,7
БЕЖАТЬ,бежал,0.680675900075585,j,L215,perus,related,inflection,inf,labra,no,20,7
БРОСИТЬ,никакой,0.748539399937727,j,L215,perus,a_unrelated,inflection,unrel,labra,no,20,7
УМЕТЬ,умел,0.708740099915303,j,L215,perus,related,inflection,inf,labra,no,20,7
ПОНЯТЬ,хорошо,0.987952099996619,j,L215,perus,a_unrelated,inflection,unrel,labra,no,20,7
ПИСАТЬ,черный,0.708441199967638,j,L215,perus,a_unrelated,inflection,unrel,labra,no,20,7
РЕШИТЬ,далекий,0.622270399937406,j,L215,perus,a_unrelated,inflection,unrel,labra,no,20,7
ПОМНИТЬ,власть,0.971483499975875,j,L215,perus,a_unrelated,inflection,unrel,labra,no,20,7
УЗНАТЬ,тысяча,0.591515999985859,j,L215,perus,a_unrelated,inflection,unrel,labra,no,20,7
ОЖИДАТЬ,внимание,0.808571800007485,j,L215,perus,a_unrelated,inflection,unrel,labra,no,20,7
СНИМАТЬ,развитие,0.825878600007854,j,L215,perus,a_unrelated,inflection,unrel,labra,no,20,7
СТРАДАТЬ,пострадать,0.670549900038168,j,L217,perus,related,derivation,der,labra,no,20,7
СМОТРЕТЬ,посмотреть,0.55277179996483,j,L217,perus,related,derivation,der,labra,no,20,7
СТОЯТЬ,постоять,0.540577400010079,j,L217,perus,related,derivation,der,labra,no,20,7
ИГРАТЬ,поиграть,0.596435399958864,j,L217,perus,related,derivation,der,labra,no,20,7
СТАВИТЬ,поставить,0.513672199973371,j,L217,perus,related,derivation,der,labra,no,20,7
СЛУШАТЬ,послушать,0.540274500031956,j,L217,perus,related,derivation,der,labra,no,20,7
ПРОСИТЬ,попросить,0.535469499998726,j,L217,perus,related,derivation,der,labra,no,20,7
КУРИТЬ,покурить,0.630043799988925,j,L217,perus,related,derivation,der,labra,no,20,7
СЧИТАТЬ,посчитать,0.836931800004095,j,L217,perus,related,derivation,der,labra,no,20,7
ЖЕЛАТЬ,пожелать,0.541914100002032,j,L217,perus,related,derivation,der,labra,no,20,7
ИСКАТЬ,поискать,0.509859999991022,j,L217,perus,related,derivation,der,labra,no,20,7
ТЕРЯТЬ,потерять,0.504231900034938,j,L217,perus,related,derivation,der,labra,no,20,7
ТРАТИТЬ,потратить,0.538858399959281,j,L217,perus,related,derivation,der,labra,no,20,7
СИДЕТЬ,первый,0.519919499987736,j,L217,perus,a_unrelated,derivation,unrel,labra,no,20,7
ДУМАТЬ,другой,0.640201800037175,j,L217,perus,a_unrelated,derivation,unrel,labra,no,20,7
ГОВОРИТЬ,все-таки,0.569875399989542,j,L217,perus,a_unrelated,derivation,unrel,labra,no,20,7
ЛЕЖАТЬ,полежать,0.636116899957415,j,L217,perus,related,derivation,der,labra,no,20,7
СТРОИТЬ,область,0.64155609998852,j,L217,perus,a_unrelated,derivation,unrel,labra,no,20,7
ПЛАКАТЬ,плакал,0.860697500000242,j,L217,perus,related,inflection,inf,labra,no,20,7
ВЫБРАТЬ,выбрал,0.56143569998676,j,L217,perus,related,inflection,inf,labra,no,20,7
ВСТРЕЧАТЬ,встречал,0.539394700026605,j,L217,perus,related,inflection,inf,labra,no,20,7
КРИЧАТЬ,кричал,0.745540599978995,j,L217,perus,related,inflection,inf,labra,no,20,7
СООБЩИТЬ,сообщил,0.731997099996079,j,L217,perus,related,inflection,inf,labra,no,20,7
УБИТЬ,убил,1.18786950001959,j,L217,perus,related,inflection,inf,labra,no,20,7
БРОСИТЬ,никакой,0.72560240002349,j,L217,perus,a_unrelated,inflection,unrel,labra,no,20,7
УМЕТЬ,умел,0.589761900017038,j,L217,perus,related,inflection,inf,labra,no,20,7
ПОНЯТЬ,хорошо,0.65852040000027,j,L217,perus,a_unrelated,inflection,unrel,labra,no,20,7
НАЧАТЬ,всякий,0.614584999973886,j,L217,perus,a_unrelated,inflection,unrel,labra,no,20,7
ПИСАТЬ,черный,0.633438700053375,j,L217,perus,a_unrelated,inflection,unrel,labra,no,20,7
РЕШИТЬ,далекий,0.64798939996399,j,L217,perus,a_unrelated,inflection,unrel,labra,no,20,7
СЛЫШАТЬ,история,0.599666499998421,j,L217,perus,a_unrelated,inflection,unrel,labra,no,20,7
ПОМНИТЬ,власть,0.675882900017314,j,L217,perus,a_unrelated,inflection,unrel,labra,no,20,7
УЗНАТЬ,тысяча,0.827315200003795,j,L217,perus,a_unrelated,inflection,unrel,labra,no,20,7
СНИМАТЬ,развитие,0.558827000029851,j,L217,perus,a_unrelated,inflection,unrel,labra,no,20,7
ЗАБЫТЬ,забыл,0.669700500031468,j,L217,perus,related,inflection,inf,labra,no,20,7
СОБРАТЬ,собрал,0.800260199990589,j,L217,perus,related,inflection,inf,labra,no,20,7
СТРАДАТЬ,пострадать,0.603233200032264,j,L219,perus,related,derivation,der,labra,no,20,7
СМОТРЕТЬ,посмотреть,0.574344900029246,j,L219,perus,related,derivation,der,labra,no,20,7
СТОЯТЬ,постоять,0.644338500045706,j,L219,perus,related,derivation,der,labra,no,20,7
ИГРАТЬ,поиграть,0.585777400003281,j,L219,perus,related,derivation,der,labra,no,20,7
СТАВИТЬ,поставить,0.765179900045041,j,L219,perus,related,derivation,der,labra,no,20,7
СЛУШАТЬ,послушать,0.57276940002339,j,L219,perus,related,derivation,der,labra,no,20,7
ПРОСИТЬ,попросить,0.983345700020436,j,L219,perus,related,derivation,der,labra,no,20,7
КУРИТЬ,покурить,0.59764069999801,j,L219,perus,related,derivation,der,labra,no,20,7
СЧИТАТЬ,посчитать,0.868438099976629,j,L219,perus,related,derivation,der,labra,no,20,7
ЖЕЛАТЬ,пожелать,0.646011799981352,j,L219,perus,related,derivation,der,labra,no,20,7
ИСКАТЬ,поискать,0.613662799994927,j,L219,perus,related,derivation,der,labra,no,20,7
ТРАТИТЬ,потратить,0.543097599991597,j,L219,perus,related,derivation,der,labra,no,20,7
СИДЕТЬ,первый,0.610212699975818,j,L219,perus,a_unrelated,derivation,unrel,labra,no,20,7
ДУМАТЬ,другой,0.490145800053142,j,L219,perus,a_unrelated,derivation,unrel,labra,no,20,7
ГОВОРИТЬ,все-таки,0.587919000012334,j,L219,perus,a_unrelated,derivation,unrel,labra,no,20,7
ЛЕЖАТЬ,полежать,0.552621400041971,j,L219,perus,related,derivation,der,labra,no,20,7
ВЕРИТЬ,самый,0.607037300011143,j,L219,perus,a_unrelated,derivation,unrel,labra,no,20,7
СТРОИТЬ,область,0.579845300002489,j,L219,perus,a_unrelated,derivation,unrel,labra,no,20,7
ВЫБРАТЬ,выбрал,0.629233999992721,j,L219,perus,related,inflection,inf,labra,no,20,7
ВСТРЕЧАТЬ,встречал,0.662074799998663,j,L219,perus,related,inflection,inf,labra,no,20,7
КРИЧАТЬ,кричал,0.576821199967526,j,L219,perus,related,inflection,inf,labra,no,20,7
СООБЩИТЬ,сообщил,0.466402699996252,j,L219,perus,related,inflection,inf,labra,no,20,7
БЕЖАТЬ,бежал,0.714028000016697,j,L219,perus,related,inflection,inf,labra,no,20,7
УМЕТЬ,умел,0.602871499955654,j,L219,perus,related,inflection,inf,labra,no,20,7
ПОНЯТЬ,хорошо,0.704712499980815,j,L219,perus,a_unrelated,inflection,unrel,labra,no,20,7
НАЧАТЬ,всякий,0.555911699950229,j,L219,perus,a_unrelated,inflection,unrel,labra,no,20,7
ПИСАТЬ,черный,0.630630600033328,j,L219,perus,a_unrelated,inflection,unrel,labra,no,20,7
РЕШИТЬ,далекий,0.615054099995177,j,L219,perus,a_unrelated,inflection,unrel,labra,no,20,7
СЛЫШАТЬ,история,0.545425699965563,j,L219,perus,a_unrelated,inflection,unrel,labra,no,20,7
УЗНАТЬ,тысяча,0.508076999976765,j,L219,perus,a_unrelated,inflection,unrel,labra,no,20,7
СНИМАТЬ,развитие,0.635751700028777,j,L219,perus,a_unrelated,inflection,unrel,labra,no,20,7
ЗАБЫТЬ,забыл,0.649213000026066,j,L219,perus,related,inflection,inf,labra,no,20,7
СОБРАТЬ,собрал,0.602142599993385,j,L219,perus,related,inflection,inf,labra,no,20,7
СТРАДАТЬ,торчать,1.02399769995827,j,L22,aine,a_unrelated,derivation,unrel,labra,yes,29,4
СМОТРЕТЬ,впрочем,0.688787500024773,j,L22,aine,a_unrelated,derivation,unrel,labra,yes,29,4
СТОЯТЬ,палец,0.773411000031047,j,L22,aine,a_unrelated,derivation,unrel,labra,yes,29,4
ИГРАТЬ,великий,0.771868300042115,j,L22,aine,a_unrelated,derivation,unrel,labra,yes,29,4
СТАВИТЬ,очередь,0.852296099998057,j,L22,aine,a_unrelated,derivation,unrel,labra,yes,29,4
СЛУШАТЬ,готовый,0.703591199941002,j,L22,aine,a_unrelated,derivation,unrel,labra,yes,29,4
ПРОСИТЬ,близкий,1.01891680003609,j,L22,aine,a_unrelated,derivation,unrel,labra,yes,29,4
КУРИТЬ,взгляд,0.697299899999052,j,L22,aine,a_unrelated,derivation,unrel,labra,yes,29,4
СЧИТАТЬ,вторник,0.750641300110146,j,L22,aine,a_unrelated,derivation,unrel,labra,yes,29,4
ЖЕЛАТЬ,принцип,0.915072100004181,j,L22,aine,a_unrelated,derivation,unrel,labra,yes,29,4
ИСКАТЬ,мужчина,0.737197599955834,j,L22,aine,a_unrelated,derivation,unrel,labra,yes,29,4
ТЕРЯТЬ,метод,2.46180199994706,j,L22,aine,a_unrelated,derivation,unrel,labra,yes,29,4
ТРАТИТЬ,задание,0.919585500028916,j,L22,aine,a_unrelated,derivation,unrel,labra,yes,29,4
СИДЕТЬ,посидеть,0.611721100052819,j,L22,aine,related,derivation,der,labra,yes,29,4
ДУМАТЬ,подумать,0.659367499989457,j,L22,aine,related,derivation,der,labra,yes,29,4
ГОВОРИТЬ,поговорить,0.607726400019601,j,L22,aine,related,derivation,der,labra,yes,29,4
ЛЕЖАТЬ,простой,0.792705500032753,j,L22,aine,a_unrelated,derivation,unrel,labra,yes,29,4
ДЕРЖАТЬ,подержать,0.872983200009912,j,L22,aine,related,derivation,der,labra,yes,29,4
ВЕРИТЬ,поверить,0.658875300083309,j,L22,aine,related,derivation,der,labra,yes,29,4
СТРОИТЬ,построить,0.709621099987999,j,L22,aine,related,derivation,der,labra,yes,29,4
ПЛАКАТЬ,женщина,0.734944199910387,j,L22,aine,a_unrelated,inflection,unrel,labra,yes,29,4
ВЫБРАТЬ,назад,0.592400700086728,j,L22,aine,a_unrelated,inflection,unrel,labra,yes,29,4
ВСТРЕЧАТЬ,крупный,0.610817000037059,j,L22,aine,a_unrelated,inflection,unrel,labra,yes,29,4
КРИЧАТЬ,простой,0.791734599974006,j,L22,aine,a_unrelated,inflection,unrel,labra,yes,29,4
СООБЩИТЬ,важный,0.968061299994588,j,L22,aine,a_unrelated,inflection,unrel,labra,yes,29,4
УБИТЬ,часто,1.46103850007057,j,L22,aine,a_unrelated,inflection,unrel,labra,yes,29,4
БЕЖАТЬ,мальчик,0.992201199987903,j,L22,aine,a_unrelated,inflection,unrel,labra,yes,29,4
БРОСИТЬ,бросил,0.750551000004634,j,L22,aine,related,inflection,inf,labra,yes,29,4
ПОНЯТЬ,понял,1.00289790006354,j,L22,aine,related,inflection,inf,labra,yes,29,4
НАЧАТЬ,начал,1.52867619995959,j,L22,aine,related,inflection,inf,labra,yes,29,4
ПИСАТЬ,писал,0.787230100017041,j,L22,aine,related,inflection,inf,labra,yes,29,4
РЕШИТЬ,решил,0.687182700028643,j,L22,aine,related,inflection,inf,labra,yes,29,4
СЛЫШАТЬ,слышал,0.654766499996185,j,L22,aine,related,inflection,inf,labra,yes,29,4
ПОМНИТЬ,помнил,0.875225999974646,j,L22,aine,related,inflection,inf,labra,yes,29,4
УЗНАТЬ,узнал,0.773141999961808,j,L22,aine,related,inflection,inf,labra,yes,29,4
ОЖИДАТЬ,ожидал,0.892745300079696,j,L22,aine,related,inflection,inf,labra,yes,29,4
СНИМАТЬ,снимал,0.76095919997897,j,L22,aine,related,inflection,inf,labra,yes,29,4
ЗАБЫТЬ,структура,1.12388339999598,j,L22,aine,a_unrelated,inflection,unrel,labra,yes,29,4
СОБРАТЬ,сильный,0.94445980002638,j,L22,aine,a_unrelated,inflection,unrel,labra,yes,29,4
СТРАДАТЬ,торчать,0.995477200020105,j,L24,syv,a_unrelated,derivation,unrel,labra,yes,24,11
СМОТРЕТЬ,впрочем,0.602648900123313,j,L24,syv,a_unrelated,derivation,unrel,labra,yes,24,11
СТОЯТЬ,палец,0.659600700018927,j,L24,syv,a_unrelated,derivation,unrel,labra,yes,24,11
ИГРАТЬ,великий,0.743847300065681,j,L24,syv,a_unrelated,derivation,unrel,labra,yes,24,11
СЛУШАТЬ,готовый,0.856494199950248,j,L24,syv,a_unrelated,derivation,unrel,labra,yes,24,11
ПРОСИТЬ,близкий,0.786319099832326,j,L24,syv,a_unrelated,derivation,unrel,labra,yes,24,11
КУРИТЬ,взгляд,0.752514800056815,j,L24,syv,a_unrelated,derivation,unrel,labra,yes,24,11
СЧИТАТЬ,вторник,0.74083249992691,j,L24,syv,a_unrelated,derivation,unrel,labra,yes,24,11
ЖЕЛАТЬ,принцип,0.66457140003331,j,L24,syv,a_unrelated,derivation,unrel,labra,yes,24,11
ИСКАТЬ,мужчина,0.626986199989915,j,L24,syv,a_unrelated,derivation,unrel,labra,yes,24,11
ТЕРЯТЬ,метод,0.48091010004282,j,L24,syv,a_unrelated,derivation,unrel,labra,yes,24,11
ТРАТИТЬ,задание,0.60043720016256,j,L24,syv,a_unrelated,derivation,unrel,labra,yes,24,11
СИДЕТЬ,посидеть,0.587713799905032,j,L24,syv,related,derivation,der,labra,yes,24,11
ДУМАТЬ,подумать,0.593912999844179,j,L24,syv,related,derivation,der,labra,yes,24,11
ГОВОРИТЬ,поговорить,0.48515409999527,j,L24,syv,related,derivation,der,labra,yes,24,11
ЛЕЖАТЬ,простой,0.560515100136399,j,L24,syv,a_unrelated,derivation,unrel,labra,yes,24,11
ДЕРЖАТЬ,подержать,0.591148700099438,j,L24,syv,related,derivation,der,labra,yes,24,11
ВЕРИТЬ,поверить,0.581514500081539,j,L24,syv,related,derivation,der,labra,yes,24,11
СТРОИТЬ,построить,0.635057899868116,j,L24,syv,related,derivation,der,labra,yes,24,11
ПЛАКАТЬ,женщина,0.691442100098357,j,L24,syv,a_unrelated,inflection,unrel,labra,yes,24,11
ВЫБРАТЬ,назад,0.615383700001985,j,L24,syv,a_unrelated,inflection,unrel,labra,yes,24,11
ВСТРЕЧАТЬ,крупный,0.670598999829963,j,L24,syv,a_unrelated,inflection,unrel,labra,yes,24,11
СООБЩИТЬ,важный,0.628550799796358,j,L24,syv,a_unrelated,inflection,unrel,labra,yes,24,11
УБИТЬ,часто,0.545967599842697,j,L24,syv,a_unrelated,inflection,unrel,labra,yes,24,11
БЕЖАТЬ,мальчик,1.12432549986988,j,L24,syv,a_unrelated,inflection,unrel,labra,yes,24,11
БРОСИТЬ,бросил,0.556294800015166,j,L24,syv,related,inflection,inf,labra,yes,24,11
УМЕТЬ,характер,0.747207999927923,j,L24,syv,a_unrelated,inflection,unrel,labra,yes,24,11
ПОНЯТЬ,понял,0.616082699969411,j,L24,syv,related,inflection,inf,labra,yes,24,11
НАЧАТЬ,начал,0.598793799988925,j,L24,syv,related,inflection,inf,labra,yes,24,11
ПИСАТЬ,писал,0.491616500075907,j,L24,syv,related,inflection,inf,labra,yes,24,11
РЕШИТЬ,решил,0.564258500002325,j,L24,syv,related,inflection,inf,labra,yes,24,11
СЛЫШАТЬ,слышал,0.536436700029299,j,L24,syv,related,inflection,inf,labra,yes,24,11
ПОМНИТЬ,помнил,0.632970799924806,j,L24,syv,related,inflection,inf,labra,yes,24,11
УЗНАТЬ,узнал,0.523871399927884,j,L24,syv,related,inflection,inf,labra,yes,24,11
ОЖИДАТЬ,ожидал,0.686528000049293,j,L24,syv,related,inflection,inf,labra,yes,24,11
СНИМАТЬ,снимал,0.581881200196222,j,L24,syv,related,inflection,inf,labra,yes,24,11
ЗАБЫТЬ,структура,0.670911999884993,j,L24,syv,a_unrelated,inflection,unrel,labra,yes,24,11
СОБРАТЬ,сильный,0.797114499844611,j,L24,syv,a_unrelated,inflection,unrel,labra,yes,24,11
СМОТРЕТЬ,впрочем,0.839891000185162,j,L25,aine,a_unrelated,derivation,unrel,labra,yes,21,5
СТОЯТЬ,палец,0.80899849999696,j,L25,aine,a_unrelated,derivation,unrel,labra,yes,21,5
ИГРАТЬ,великий,0.682601000182331,j,L25,aine,a_unrelated,derivation,unrel,labra,yes,21,5
СТАВИТЬ,очередь,0.913340900093317,j,L25,aine,a_unrelated,derivation,unrel,labra,yes,21,5
СЛУШАТЬ,готовый,0.775289100129157,j,L25,aine,a_unrelated,derivation,unrel,labra,yes,21,5
ПРОСИТЬ,близкий,0.682538700057194,j,L25,aine,a_unrelated,derivation,unrel,labra,yes,21,5
КУРИТЬ,взгляд,0.724424599902704,j,L25,aine,a_unrelated,derivation,unrel,labra,yes,21,5
СЧИТАТЬ,вторник,1.03876139991917,j,L25,aine,a_unrelated,derivation,unrel,labra,yes,21,5
ЖЕЛАТЬ,принцип,0.655263199936599,j,L25,aine,a_unrelated,derivation,unrel,labra,yes,21,5
ИСКАТЬ,мужчина,0.703213500091806,j,L25,aine,a_unrelated,derivation,unrel,labra,yes,21,5
ТЕРЯТЬ,метод,1.18210950004868,j,L25,aine,a_unrelated,derivation,unrel,labra,yes,21,5
ТРАТИТЬ,задание,1.35882480000146,j,L25,aine,a_unrelated,derivation,unrel,labra,yes,21,5
СИДЕТЬ,посидеть,0.616277999943122,j,L25,aine,related,derivation,der,labra,yes,21,5
ДУМАТЬ,подумать,0.620572599815205,j,L25,aine,related,derivation,der,labra,yes,21,5
ГОВОРИТЬ,поговорить,0.863614700036123,j,L25,aine,related,derivation,der,labra,yes,21,5
ЛЕЖАТЬ,простой,0.653091600164771,j,L25,aine,a_unrelated,derivation,unrel,labra,yes,21,5
ДЕРЖАТЬ,подержать,0.814886000007391,j,L25,aine,related,derivation,der,labra,yes,21,5
ВЕРИТЬ,поверить,0.789770700037479,j,L25,aine,related,derivation,der,labra,yes,21,5
СТРОИТЬ,построить,0.928576900158078,j,L25,aine,related,derivation,der,labra,yes,21,5
ПЛАКАТЬ,женщина,1.03978580003604,j,L25,aine,a_unrelated,inflection,unrel,labra,yes,21,5
ВЫБРАТЬ,назад,0.657513299956918,j,L25,aine,a_unrelated,inflection,unrel,labra,yes,21,5
ВСТРЕЧАТЬ,крупный,0.993157700169832,j,L25,aine,a_unrelated,inflection,unrel,labra,yes,21,5
КРИЧАТЬ,простой,0.803945199819282,j,L25,aine,a_unrelated,inflection,unrel,labra,yes,21,5
СООБЩИТЬ,важный,0.919735099887475,j,L25,aine,a_unrelated,inflection,unrel,labra,yes,21,5
БЕЖАТЬ,мальчик,0.74554009991698,j,L25,aine,a_unrelated,inflection,unrel,labra,yes,21,5
БРОСИТЬ,бросил,0.795519500039518,j,L25,aine,related,inflection,inf,labra,yes,21,5
УМЕТЬ,характер,1.06311780004762,j,L25,aine,a_unrelated,inflection,unrel,labra,yes,21,5
ПОНЯТЬ,понял,0.786100799916312,j,L25,aine,related,inflection,inf,labra,yes,21,5
НАЧАТЬ,начал,0.587490299949423,j,L25,aine,related,inflection,inf,labra,yes,21,5
ПИСАТЬ,писал,0.655241400003433,j,L25,aine,related,inflection,inf,labra,yes,21,5
РЕШИТЬ,решил,0.705403199885041,j,L25,aine,related,inflection,inf,labra,yes,21,5
СЛЫШАТЬ,слышал,0.880190999945626,j,L25,aine,related,inflection,inf,labra,yes,21,5
ПОМНИТЬ,помнил,0.71327509987168,j,L25,aine,related,inflection,inf,labra,yes,21,5
УЗНАТЬ,узнал,0.836582799907774,j,L25,aine,related,inflection,inf,labra,yes,21,5
ОЖИДАТЬ,ожидал,1.01823899988085,j,L25,aine,related,inflection,inf,labra,yes,21,5
СНИМАТЬ,снимал,1.19805209990591,j,L25,aine,related,inflection,inf,labra,yes,21,5
ЗАБЫТЬ,структура,1.17273660004139,j,L25,aine,a_unrelated,inflection,unrel,labra,yes,21,5
СТРАДАТЬ,торчать,0.585712299915031,j,L28,aine,a_unrelated,derivation,unrel,labra,yes,21,7
СМОТРЕТЬ,впрочем,0.603886099997908,j,L28,aine,a_unrelated,derivation,unrel,labra,yes,21,7
СТОЯТЬ,палец,0.571399000007659,j,L28,aine,a_unrelated,derivation,unrel,labra,yes,21,7
ИГРАТЬ,великий,0.529391899937764,j,L28,aine,a_unrelated,derivation,unrel,labra,yes,21,7
СТАВИТЬ,очередь,0.561235200148076,j,L28,aine,a_unrelated,derivation,unrel,labra,yes,21,7
СЛУШАТЬ,готовый,0.617754200007767,j,L28,aine,a_unrelated,derivation,unrel,labra,yes,21,7
ПРОСИТЬ,близкий,0.561366300098598,j,L28,aine,a_unrelated,derivation,unrel,labra,yes,21,7
КУРИТЬ,взгляд,0.501976599916816,j,L28,aine,a_unrelated,derivation,unrel,labra,yes,21,7
СЧИТАТЬ,вторник,0.722111099865287,j,L28,aine,a_unrelated,derivation,unrel,labra,yes,21,7
ЖЕЛАТЬ,принцип,0.563742599915713,j,L28,aine,a_unrelated,derivation,unrel,labra,yes,21,7
ИСКАТЬ,мужчина,0.645833800081164,j,L28,aine,a_unrelated,derivation,unrel,labra,yes,21,7
ТЕРЯТЬ,метод,0.528633400099352,j,L28,aine,a_unrelated,derivation,unrel,labra,yes,21,7
ТРАТИТЬ,задание,0.826684900093824,j,L28,aine,a_unrelated,derivation,unrel,labra,yes,21,7
СИДЕТЬ,посидеть,0.55417999997735,j,L28,aine,related,derivation,der,labra,yes,21,7
ДУМАТЬ,подумать,0.477910800138488,j,L28,aine,related,derivation,der,labra,yes,21,7
ГОВОРИТЬ,поговорить,0.494144999887794,j,L28,aine,related,derivation,der,labra,yes,21,7
ЛЕЖАТЬ,простой,0.579222699860111,j,L28,aine,a_unrelated,derivation,unrel,labra,yes,21,7
ДЕРЖАТЬ,подержать,0.513150400016457,j,L28,aine,related,derivation,der,labra,yes,21,7
ВЕРИТЬ,поверить,0.500197799876332,j,L28,aine,related,derivation,der,labra,yes,21,7
СТРОИТЬ,построить,0.538314300123602,j,L28,aine,related,derivation,der,labra,yes,21,7
ВЫБРАТЬ,назад,0.550584000069648,j,L28,aine,a_unrelated,inflection,unrel,labra,yes,21,7
ВСТРЕЧАТЬ,крупный,0.530817199964076,j,L28,aine,a_unrelated,inflection,unrel,labra,yes,21,7
КРИЧАТЬ,простой,0.527575599960983,j,L28,aine,a_unrelated,inflection,unrel,labra,yes,21,7
СООБЩИТЬ,важный,0.695703899953514,j,L28,aine,a_unrelated,inflection,unrel,labra,yes,21,7
УБИТЬ,часто,0.536602800013498,j,L28,aine,a_unrelated,inflection,unrel,labra,yes,21,7
БЕЖАТЬ,мальчик,0.540102599887177,j,L28,aine,a_unrelated,inflection,unrel,labra,yes,21,7
БРОСИТЬ,бросил,0.434517599875107,j,L28,aine,related,inflection,inf,labra,yes,21,7
УМЕТЬ,характер,0.529072100063786,j,L28,aine,a_unrelated,inflection,unrel,labra,yes,21,7
ПОНЯТЬ,понял,0.454650799976662,j,L28,aine,related,inflection,inf,labra,yes,21,7
НАЧАТЬ,начал,0.536205800017342,j,L28,aine,related,inflection,inf,labra,yes,21,7
ПИСАТЬ,писал,0.537238200195134,j,L28,aine,related,inflection,inf,labra,yes,21,7
РЕШИТЬ,решил,0.500954800052568,j,L28,aine,related,inflection,inf,labra,yes,21,7
СЛЫШАТЬ,слышал,0.493956600083038,j,L28,aine,related,inflection,inf,labra,yes,21,7
ПОМНИТЬ,помнил,1.10297370003536,j,L28,aine,related,inflection,inf,labra,yes,21,7
УЗНАТЬ,узнал,0.47996550006792,j,L28,aine,related,inflection,inf,labra,yes,21,7
ОЖИДАТЬ,ожидал,0.570130700012669,j,L28,aine,related,inflection,inf,labra,yes,21,7
СНИМАТЬ,снимал,0.544509900035337,j,L28,aine,related,inflection,inf,labra,yes,21,7
ЗАБЫТЬ,структура,0.644819700159133,j,L28,aine,a_unrelated,inflection,unrel,labra,yes,21,7
СОБРАТЬ,сильный,0.479491099948064,j,L28,aine,a_unrelated,inflection,unrel,labra,yes,21,7
СТРАДАТЬ,торчать,1.02157389995409,j,L210,aine,a_unrelated,derivation,unrel,labra,yes,27,7
СМОТРЕТЬ,впрочем,0.75489139999263,j,L210,aine,a_unrelated,derivation,unrel,labra,yes,27,7
СТОЯТЬ,палец,0.678877600003034,j,L210,aine,a_unrelated,derivation,unrel,labra,yes,27,7
ИГРАТЬ,великий,0.677233800000977,j,L210,aine,a_unrelated,derivation,unrel,labra,yes,27,7
СТАВИТЬ,очередь,0.716504099953454,j,L210,aine,a_unrelated,derivation,unrel,labra,yes,27,7
СЛУШАТЬ,готовый,0.640823299996555,j,L210,aine,a_unrelated,derivation,unrel,labra,yes,27,7
ПРОСИТЬ,близкий,0.96132340002805,j,L210,aine,a_unrelated,derivation,unrel,labra,yes,27,7
КУРИТЬ,взгляд,0.901495300000533,j,L210,aine,a_unrelated,derivation,unrel,labra,yes,27,7
СЧИТАТЬ,вторник,0.936484100006055,j,L210,aine,a_unrelated,derivation,unrel,labra,yes,27,7
ЖЕЛАТЬ,принцип,0.876545300008729,j,L210,aine,a_unrelated,derivation,unrel,labra,yes,27,7
ИСКАТЬ,мужчина,0.903585499967448,j,L210,aine,a_unrelated,derivation,unrel,labra,yes,27,7
ТЕРЯТЬ,метод,0.937862700026017,j,L210,aine,a_unrelated,derivation,unrel,labra,yes,27,7
СИДЕТЬ,посидеть,0.694428099959623,j,L210,aine,related,derivation,der,labra,yes,27,7
ДУМАТЬ,подумать,0.686211800028104,j,L210,aine,related,derivation,der,labra,yes,27,7
ГОВОРИТЬ,поговорить,0.687033499998506,j,L210,aine,related,derivation,der,labra,yes,27,7
ЛЕЖАТЬ,простой,0.651669899991248,j,L210,aine,a_unrelated,derivation,unrel,labra,yes,27,7
ДЕРЖАТЬ,подержать,0.937037399969995,j,L210,aine,related,derivation,der,labra,yes,27,7
ВЕРИТЬ,поверить,1.2000419999822,j,L210,aine,related,derivation,der,labra,yes,27,7
СТРОИТЬ,построить,0.870007299992722,j,L210,aine,related,derivation,der,labra,yes,27,7
ПЛАКАТЬ,женщина,0.938364500005264,j,L210,aine,a_unrelated,inflection,unrel,labra,yes,27,7
ВСТРЕЧАТЬ,крупный,1.04144320002524,j,L210,aine,a_unrelated,inflection,unrel,labra,yes,27,7
СООБЩИТЬ,важный,0.9493445000262,j,L210,aine,a_unrelated,inflection,unrel,labra,yes,27,7
УБИТЬ,часто,0.842617799993604,j,L210,aine,a_unrelated,inflection,unrel,labra,yes,27,7
БЕЖАТЬ,мальчик,0.70798270002706,j,L210,aine,a_unrelated,inflection,unrel,labra,yes,27,7
БРОСИТЬ,бросил,0.900912800047081,j,L210,aine,related,inflection,inf,labra,yes,27,7
УМЕТЬ,характер,0.821832399989944,j,L210,aine,a_unrelated,inflection,unrel,labra,yes,27,7
ПОНЯТЬ,понял,0.716784299991559,j,L210,aine,related,inflection,inf,labra,yes,27,7
НАЧАТЬ,начал,0.72538869996788,j,L210,aine,related,inflection,inf,labra,yes,27,7
ПИСАТЬ,писал,0.737431399989873,j,L210,aine,related,inflection,inf,labra,yes,27,7
РЕШИТЬ,решил,1.38651250000112,j,L210,aine,related,inflection,inf,labra,yes,27,7
СЛЫШАТЬ,слышал,0.748758899979293,j,L210,aine,related,inflection,inf,labra,yes,27,7
ПОМНИТЬ,помнил,0.753947700024582,j,L210,aine,related,inflection,inf,labra,yes,27,7
УЗНАТЬ,узнала,0.740451000048779,j,L210,aine,related,inflection,inf,labra,yes,27,7
ОЖИДАТЬ,ожидал,1.0134711000137,j,L210,aine,related,inflection,inf,labra,yes,27,7
СНИМАТЬ,снимал,0.717428200005088,j,L210,aine,related,inflection,inf,labra,yes,27,7
ЗАБЫТЬ,структура,1.32369990000734,j,L210,aine,a_unrelated,inflection,unrel,labra,yes,27,7
СОБРАТЬ,сильный,0.794573599996511,j,L210,aine,a_unrelated,inflection,unrel,labra,yes,27,7
СМОТРЕТЬ,впрочем,0.576067700050771,j,L212,aine,a_unrelated,derivation,unrel,labra,no,22,7
СТОЯТЬ,палец,0.562454400002025,j,L212,aine,a_unrelated,derivation,unrel,labra,no,22,7
ИГРАТЬ,великий,0.53696590004256,j,L212,aine,a_unrelated,derivation,unrel,labra,no,22,7
СТАВИТЬ,очередь,0.596803700027522,j,L212,aine,a_unrelated,derivation,unrel,labra,no,22,7
СЛУШАТЬ,готовый,0.56732989999,j,L212,aine,a_unrelated,derivation,unrel,labra,no,22,7
ПРОСИТЬ,близкий,0.726310300000478,j,L212,aine,a_unrelated,derivation,unrel,labra,no,22,7
КУРИТЬ,взгляд,0.548102600034326,j,L212,aine,a_unrelated,derivation,unrel,labra,no,22,7
СЧИТАТЬ,вторник,0.651729699980933,j,L212,aine,a_unrelated,derivation,unrel,labra,no,22,7
ЖЕЛАТЬ,принцип,0.61507379997056,j,L212,aine,a_unrelated,derivation,unrel,labra,no,22,7
ИСКАТЬ,мужчина,0.577812800009269,j,L212,aine,a_unrelated,derivation,unrel,labra,no,22,7
ТРАТИТЬ,задание,0.782724099990446,j,L212,aine,a_unrelated,derivation,unrel,labra,no,22,7
СИДЕТЬ,посидеть,0.547968700004276,j,L212,aine,related,derivation,der,labra,no,22,7
ДУМАТЬ,подумать,0.569839800009504,j,L212,aine,related,derivation,der,labra,no,22,7
ГОВОРИТЬ,поговорить,0.515350500005297,j,L212,aine,related,derivation,der,labra,no,22,7
ЛЕЖАТЬ,простой,0.72746989998268,j,L212,aine,a_unrelated,derivation,unrel,labra,no,22,7
ДЕРЖАТЬ,подержать,0.734545100014657,j,L212,aine,related,derivation,der,labra,no,22,7
ВЕРИТЬ,поверить,0.701830599980895,j,L212,aine,related,derivation,der,labra,no,22,7
СТРОИТЬ,построить,0.554826400009915,j,L212,aine,related,derivation,der,labra,no,22,7
ПЛАКАТЬ,женщина,0.753013400011696,j,L212,aine,a_unrelated,inflection,unrel,labra,no,22,7
ВЫБРАТЬ,назад,0.676833599980455,j,L212,aine,a_unrelated,inflection,unrel,labra,no,22,7
ВСТРЕЧАТЬ,крупный,0.740667199948803,j,L212,aine,a_unrelated,inflection,unrel,labra,no,22,7
КРИЧАТЬ,простой,0.576268000004347,j,L212,aine,a_unrelated,inflection,unrel,labra,no,22,7
СООБЩИТЬ,важный,0.972065999987535,j,L212,aine,a_unrelated,inflection,unrel,labra,no,22,7
УБИТЬ,часто,0.633282199967653,j,L212,aine,a_unrelated,inflection,unrel,labra,no,22,7
БЕЖАТЬ,мальчик,0.565946699993219,j,L212,aine,a_unrelated,inflection,unrel,labra,no,22,7
БРОСИТЬ,бросил,0.676269999996293,j,L212,aine,related,inflection,inf,labra,no,22,7
УМЕТЬ,характер,0.600497299979907,j,L212,aine,a_unrelated,inflection,unrel,labra,no,22,7
ПОНЯТЬ,понял,0.503058500005864,j,L212,aine,related,inflection,inf,labra,no,22,7
НАЧАТЬ,начал,0.550183100043796,j,L212,aine,related,inflection,inf,labra,no,22,7
ПИСАТЬ,писал,0.672217100043781,j,L212,aine,related,inflection,inf,labra,no,22,7
РЕШИТЬ,решил,0.558930700004566,j,L212,aine,related,inflection,inf,labra,no,22,7
СЛЫШАТЬ,слышал,0.577176300052088,j,L212,aine,related,inflection,inf,labra,no,22,7
ПОМНИТЬ,помнил,0.672960099996999,j,L212,aine,related,inflection,inf,labra,no,22,7
УЗНАТЬ,узнала,0.49465169996256,j,L212,aine,related,inflection,inf,labra,no,22,7
СНИМАТЬ,снимал,0.688972600037232,j,L212,aine,related,inflection,inf,labra,no,22,7
ЗАБЫТЬ,структура,0.816625699982978,j,L212,aine,a_unrelated,inflection,unrel,labra,no,22,7
СТРАДАТЬ,торчать,0.790136600000551,j,L214,syv,a_unrelated,derivation,unrel,labra,yes,23,15
СМОТРЕТЬ,впрочем,0.599760599998263,j,L214,syv,a_unrelated,derivation,unrel,labra,yes,23,15
СТОЯТЬ,палец,0.592214100001002,j,L214,syv,a_unrelated,derivation,unrel,labra,yes,23,15
ИГРАТЬ,великий,0.677785399999266,j,L214,syv,a_unrelated,derivation,unrel,labra,yes,23,15
СТАВИТЬ,очередь,0.862628999999288,j,L214,syv,a_unrelated,derivation,unrel,labra,yes,23,15
СЛУШАТЬ,готовый,0.661308399998234,j,L214,syv,a_unrelated,derivation,unrel,labra,yes,23,15
ПРОСИТЬ,близкий,0.628020600001037,j,L214,syv,a_unrelated,derivation,unrel,labra,yes,23,15
КУРИТЬ,взгляд,0.532449599999381,j,L214,syv,a_unrelated,derivation,unrel,labra,yes,23,15
СЧИТАТЬ,вторник,0.800842700002249,j,L214,syv,a_unrelated,derivation,unrel,labra,yes,23,15
ЖЕЛАТЬ,принцип,0.588498799999798,j,L214,syv,a_unrelated,derivation,unrel,labra,yes,23,15
ИСКАТЬ,мужчина,0.730034200001683,j,L214,syv,a_unrelated,derivation,unrel,labra,yes,23,15
ТРАТИТЬ,задание,0.680834000002506,j,L214,syv,a_unrelated,derivation,unrel,labra,yes,23,15
СИДЕТЬ,посидеть,0.635224300000118,j,L214,syv,related,derivation,der,labra,yes,23,15
ДУМАТЬ,подумать,0.627157200000511,j,L214,syv,related,derivation,der,labra,yes,23,15
ГОВОРИТЬ,поговорить,0.602229300002364,j,L214,syv,related,derivation,der,labra,yes,23,15
ЛЕЖАТЬ,простой,0.617246999998315,j,L214,syv,a_unrelated,derivation,unrel,labra,yes,23,15
ДЕРЖАТЬ,подержать,0.676540799999202,j,L214,syv,related,derivation,der,labra,yes,23,15
ВЕРИТЬ,поверить,0.551620599999296,j,L214,syv,related,derivation,der,labra,yes,23,15
СТРОИТЬ,построить,0.576245000000199,j,L214,syv,related,derivation,der,labra,yes,23,15
ПЛАКАТЬ,женщина,0.784961800000019,j,L214,syv,a_unrelated,inflection,unrel,labra,yes,23,15
ВЫБРАТЬ,назад,0.513412199998129,j,L214,syv,a_unrelated,inflection,unrel,labra,yes,23,15
ВСТРЕЧАТЬ,крупный,0.559699399997044,j,L214,syv,a_unrelated,inflection,unrel,labra,yes,23,15
КРИЧАТЬ,простой,0.682566900002712,j,L214,syv,a_unrelated,inflection,unrel,labra,yes,23,15
СООБЩИТЬ,важный,0.648338499999227,j,L214,syv,a_unrelated,inflection,unrel,labra,yes,23,15
УБИТЬ,часто,0.648411400001351,j,L214,syv,a_unrelated,inflection,unrel,labra,yes,23,15
БЕЖАТЬ,мальчик,0.680893600001582,j,L214,syv,a_unrelated,inflection,unrel,labra,yes,23,15
БРОСИТЬ,бросил,0.600264700002299,j,L214,syv,related,inflection,inf,labra,yes,23,15
УМЕТЬ,характер,0.693996300000435,j,L214,syv,a_unrelated,inflection,unrel,labra,yes,23,15
ПОНЯТЬ,понял,0.608490299997357,j,L214,syv,related,inflection,inf,labra,yes,23,15
НАЧАТЬ,начал,0.695299800001521,j,L214,syv,related,inflection,inf,labra,yes,23,15
ПИСАТЬ,писал,0.657698799997888,j,L214,syv,related,inflection,inf,labra,yes,23,15
РЕШИТЬ,решил,0.567900300000474,j,L214,syv,related,inflection,inf,labra,yes,23,15
СЛЫШАТЬ,слышал,0.646405700001196,j,L214,syv,related,inflection,inf,labra,yes,23,15
ПОМНИТЬ,помнил,0.618749799999932,j,L214,syv,related,inflection,inf,labra,yes,23,15
УЗНАТЬ,узнала,0.544144200001028,j,L214,syv,related,inflection,inf,labra,yes,23,15
ОЖИДАТЬ,ожидал,0.620150300001114,j,L214,syv,related,inflection,inf,labra,yes,23,15
СНИМАТЬ,снимал,0.671041599998716,j,L214,syv,related,inflection,inf,labra,yes,23,15
ЗАБЫТЬ,структура,0.653428000001441,j,L214,syv,a_unrelated,inflection,unrel,labra,yes,23,15
СОБРАТЬ,сильный,0.639518299998599,j,L214,syv,a_unrelated,inflection,unrel,labra,yes,23,15
СТРАДАТЬ,торчать,0.77323210000759,j,L216,perus,a_unrelated,derivation,unrel,labra,no,19,3
СМОТРЕТЬ,впрочем,0.784640099969693,j,L216,perus,a_unrelated,derivation,unrel,labra,no,19,3
СТОЯТЬ,палец,0.724539599963464,j,L216,perus,a_unrelated,derivation,unrel,labra,no,19,3
ИГРАТЬ,великий,0.558381200011354,j,L216,perus,a_unrelated,derivation,unrel,labra,no,19,3
СТАВИТЬ,очередь,0.688018399989232,j,L216,perus,a_unrelated,derivation,unrel,labra,no,19,3
СЛУШАТЬ,готовый,0.552185499982443,j,L216,perus,a_unrelated,derivation,unrel,labra,no,19,3
ПРОСИТЬ,близкий,0.604248300020117,j,L216,perus,a_unrelated,derivation,unrel,labra,no,19,3
КУРИТЬ,взгляд,0.503265500010457,j,L216,perus,a_unrelated,derivation,unrel,labra,no,19,3
СЧИТАТЬ,вторник,0.703922999964561,j,L216,perus,a_unrelated,derivation,unrel,labra,no,19,3
ЖЕЛАТЬ,принцип,0.491915200022049,j,L216,perus,a_unrelated,derivation,unrel,labra,no,19,3
ИСКАТЬ,мужчина,0.509310399997048,j,L216,perus,a_unrelated,derivation,unrel,labra,no,19,3
ТЕРЯТЬ,метод,0.678950299974531,j,L216,perus,a_unrelated,derivation,unrel,labra,no,19,3
СИДЕТЬ,посидеть,0.500582600012422,j,L216,perus,related,derivation,der,labra,no,19,3
ДУМАТЬ,подумать,0.521437099960167,j,L216,perus,related,derivation,der,labra,no,19,3
ГОВОРИТЬ,поговорить,0.45924290001858,j,L216,perus,related,derivation,der,labra,no,19,3
ЛЕЖАТЬ,простой,0.566015099990182,j,L216,perus,a_unrelated,derivation,unrel,labra,no,19,3
ДЕРЖАТЬ,подержать,0.577915699977893,j,L216,perus,related,derivation,der,labra,no,19,3
ВЕРИТЬ,поверить,0.639691999997012,j,L216,perus,related,derivation,der,labra,no,19,3
СТРОИТЬ,построить,0.593513800005894,j,L216,perus,related,derivation,der,labra,no,19,3
ПЛАКАТЬ,женщина,0.861893699970096,j,L216,perus,a_unrelated,inflection,unrel,labra,no,19,3
ВЫБРАТЬ,назад,0.538353499956429,j,L216,perus,a_unrelated,inflection,unrel,labra,no,19,3
ВСТРЕЧАТЬ,крупный,0.522210300026927,j,L216,perus,a_unrelated,inflection,unrel,labra,no,19,3
КРИЧАТЬ,простой,0.639676699996926,j,L216,perus,a_unrelated,inflection,unrel,labra,no,19,3
СООБЩИТЬ,важный,0.681414299993776,j,L216,perus,a_unrelated,inflection,unrel,labra,no,19,3
УБИТЬ,часто,0.797804700036068,j,L216,perus,a_unrelated,inflection,unrel,labra,no,19,3
БЕЖАТЬ,мальчик,0.557238999987021,j,L216,perus,a_unrelated,inflection,unrel,labra,no,19,3
БРОСИТЬ,бросил,0.78388190001715,j,L216,perus,related,inflection,inf,labra,no,19,3
УМЕТЬ,характер,0.67272370000137,j,L216,perus,a_unrelated,inflection,unrel,labra,no,19,3
ПОНЯТЬ,понял,0.634602100006305,j,L216,perus,related,inflection,inf,labra,no,19,3
НАЧАТЬ,начал,0.57037540001329,j,L216,perus,related,inflection,inf,labra,no,19,3
ПИСАТЬ,писал,0.57972979999613,j,L216,perus,related,inflection,inf,labra,no,19,3
РЕШИТЬ,решил,0.476722099992912,j,L216,perus,related,inflection,inf,labra,no,19,3
СЛЫШАТЬ,слышал,0.57777850003913,j,L216,perus,related,inflection,inf,labra,no,19,3
ПОМНИТЬ,помнил,0.652612600009888,j,L216,perus,related,inflection,inf,labra,no,19,3
УЗНАТЬ,узнал,0.614136999996845,j,L216,perus,related,inflection,inf,labra,no,19,3
ОЖИДАТЬ,ожидал,0.560916999995243,j,L216,perus,related,inflection,inf,labra,no,19,3
СНИМАТЬ,снимал,0.526679500006139,j,L216,perus,related,inflection,inf,labra,no,19,3
ЗАБЫТЬ,структура,0.811263300012797,j,L216,perus,a_unrelated,inflection,unrel,labra,no,19,3
СОБРАТЬ,сильный,0.62730490003014,j,L216,perus,a_unrelated,inflection,unrel,labra,no,19,3
СТРАДАТЬ,торчать,1.26067960000364,j,L218,perus,a_unrelated,derivation,unrel,labra,no,20,6
СМОТРЕТЬ,впрочем,0.684504400007427,j,L218,perus,a_unrelated,derivation,unrel,labra,no,20,6
СТОЯТЬ,палец,0.647314900008496,j,L218,perus,a_unrelated,derivation,unrel,labra,no,20,6
ИГРАТЬ,великий,0.60188949998701,j,L218,perus,a_unrelated,derivation,unrel,labra,no,20,6
СТАВИТЬ,очередь,0.949289900017902,j,L218,perus,a_unrelated,derivation,unrel,labra,no,20,6
СЛУШАТЬ,готовый,0.810705200012308,j,L218,perus,a_unrelated,derivation,unrel,labra,no,20,6
ПРОСИТЬ,близкий,0.894240800000262,j,L218,perus,a_unrelated,derivation,unrel,labra,no,20,6
КУРИТЬ,взгляд,0.654983299958985,j,L218,perus,a_unrelated,derivation,unrel,labra,no,20,6
ЖЕЛАТЬ,принцип,1.03620010003215,j,L218,perus,a_unrelated,derivation,unrel,labra,no,20,6
ИСКАТЬ,мужчина,1.03789310000138,j,L218,perus,a_unrelated,derivation,unrel,labra,no,20,6
ТЕРЯТЬ,метод,0.992922600009479,j,L218,perus,a_unrelated,derivation,unrel,labra,no,20,6
ТРАТИТЬ,задание,0.92853529995773,j,L218,perus,a_unrelated,derivation,unrel,labra,no,20,6
СИДЕТЬ,посидеть,1.02334600000177,j,L218,perus,related,derivation,der,labra,no,20,6
ДУМАТЬ,подумать,0.839650299982168,j,L218,perus,related,derivation,der,labra,no,20,6
ГОВОРИТЬ,поговорить,1.07322740001837,j,L218,perus,related,derivation,der,labra,no,20,6
ЛЕЖАТЬ,простой,0.670301400008611,j,L218,perus,a_unrelated,derivation,unrel,labra,no,20,6
ДЕРЖАТЬ,подержать,1.12560969998594,j,L218,perus,related,derivation,der,labra,no,20,6
ВЕРИТЬ,поверить,0.863874500035308,j,L218,perus,related,derivation,der,labra,no,20,6
СТРОИТЬ,построить,0.88193339999998,j,L218,perus,related,derivation,der,labra,no,20,6
ПЛАКАТЬ,женщина,1.01873419998446,j,L218,perus,a_unrelated,inflection,unrel,labra,no,20,6
ВЫБРАТЬ,назад,0.817906599957496,j,L218,perus,a_unrelated,inflection,unrel,labra,no,20,6
ВСТРЕЧАТЬ,крупный,1.01544450002257,j,L218,perus,a_unrelated,inflection,unrel,labra,no,20,6
КРИЧАТЬ,простой,0.677769600006286,j,L218,perus,a_unrelated,inflection,unrel,labra,no,20,6
СООБЩИТЬ,важный,0.890681300021242,j,L218,perus,a_unrelated,inflection,unrel,labra,no,20,6
УБИТЬ,часто,0.627180000010412,j,L218,perus,a_unrelated,inflection,unrel,labra,no,20,6
БЕЖАТЬ,мальчик,0.714594600023702,j,L218,perus,a_unrelated,inflection,unrel,labra,no,20,6
БРОСИТЬ,бросил,0.662556099996436,j,L218,perus,related,inflection,inf,labra,no,20,6
УМЕТЬ,характер,0.757379699964076,j,L218,perus,a_unrelated,inflection,unrel,labra,no,20,6
ПОНЯТЬ,понял,0.871518300031312,j,L218,perus,related,inflection,inf,labra,no,20,6
НАЧАТЬ,начал,0.540732100023888,j,L218,perus,related,inflection,inf,labra,no,20,6
ПИСАТЬ,писал,0.634212200006004,j,L218,perus,related,inflection,inf,labra,no,20,6
РЕШИТЬ,решил,0.632113800034858,j,L218,perus,related,inflection,inf,labra,no,20,6
СЛЫШАТЬ,слышал,0.743632099998649,j,L218,perus,related,inflection,inf,labra,no,20,6
ПОМНИТЬ,помнил,0.925159100035671,j,L218,perus,related,inflection,inf,labra,no,20,6
УЗНАТЬ,узнал,0.90125320001971,j,L218,perus,related,inflection,inf,labra,no,20,6
ОЖИДАТЬ,ожидал,1.03965940000489,j,L218,perus,related,inflection,inf,labra,no,20,6
СНИМАТЬ,снимал,0.884058900002856,j,L218,perus,related,inflection,inf,labra,no,20,6
ЗАБЫТЬ,структура,0.755039700015914,j,L218,perus,a_unrelated,inflection,unrel,labra,no,20,6
СОБРАТЬ,сильный,1.04951739998069,j,L218,perus,a_unrelated,inflection,unrel,labra,no,20,6
СТРАДАТЬ,торчать,0.627719599986449,j,L220,perus,a_unrelated,derivation,unrel,labra,no,20,4
СМОТРЕТЬ,впрочем,0.614674899959937,j,L220,perus,a_unrelated,derivation,unrel,labra,no,20,4
СТОЯТЬ,палец,0.782170200021938,j,L220,perus,a_unrelated,derivation,unrel,labra,no,20,4
ИГРАТЬ,великий,0.550934200058691,j,L220,perus,a_unrelated,derivation,unrel,labra,no,20,4
СТАВИТЬ,очередь,0.792332099983469,j,L220,perus,a_unrelated,derivation,unrel,labra,no,20,4
СЛУШАТЬ,готовый,0.64529080002103,j,L220,perus,a_unrelated,derivation,unrel,labra,no,20,4
ПРОСИТЬ,близкий,0.666210099938326,j,L220,perus,a_unrelated,derivation,unrel,labra,no,20,4
КУРИТЬ,взгляд,0.600591699942015,j,L220,perus,a_unrelated,derivation,unrel,labra,no,20,4
СЧИТАТЬ,вторник,0.571555899921805,j,L220,perus,a_unrelated,derivation,unrel,labra,no,20,4
ЖЕЛАТЬ,принцип,0.66754089994356,j,L220,perus,a_unrelated,derivation,unrel,labra,no,20,4
ИСКАТЬ,мужчина,0.627772700041533,j,L220,perus,a_unrelated,derivation,unrel,labra,no,20,4
ТЕРЯТЬ,метод,0.650245199911296,j,L220,perus,a_unrelated,derivation,unrel,labra,no,20,4
ТРАТИТЬ,задание,0.647813299903646,j,L220,perus,a_unrelated,derivation,unrel,labra,no,20,4
СИДЕТЬ,посидеть,0.577580100041814,j,L220,perus,related,derivation,der,labra,no,20,4
ГОВОРИТЬ,поговорить,0.536847899900749,j,L220,perus,related,derivation,der,labra,no,20,4
ЛЕЖАТЬ,простой,0.597369200084358,j,L220,perus,a_unrelated,derivation,unrel,labra,no,20,4
ДЕРЖАТЬ,подержать,0.759755899896845,j,L220,perus,related,derivation,der,labra,no,20,4
ВЕРИТЬ,поверить,0.784439699957147,j,L220,perus,related,derivation,der,labra,no,20,4
ПЛАКАТЬ,женщина,0.636558500002138,j,L220,perus,a_unrelated,inflection,unrel,labra,no,20,4
ВЫБРАТЬ,назад,0.784683999954723,j,L220,perus,a_unrelated,inflection,unrel,labra,no,20,4
ВСТРЕЧАТЬ,крупный,0.804283899953589,j,L220,perus,a_unrelated,inflection,unrel,labra,no,20,4
БЕЖАТЬ,мальчик,0.802859199931845,j,L220,perus,a_unrelated,inflection,unrel,labra,no,20,4
УМЕТЬ,характер,0.683899400057271,j,L220,perus,a_unrelated,inflection,unrel,labra,no,20,4
ПОНЯТЬ,понял,0.762321499991231,j,L220,perus,related,inflection,inf,labra,no,20,4
НАЧАТЬ,начал,0.777809599996544,j,L220,perus,related,inflection,inf,labra,no,20,4
ПИСАТЬ,писал,0.563500999938697,j,L220,perus,related,inflection,inf,labra,no,20,4
РЕШИТЬ,решил,0.630651700077578,j,L220,perus,related,inflection,inf,labra,no,20,4
СЛЫШАТЬ,слышал,0.546314300037921,j,L220,perus,related,inflection,inf,labra,no,20,4
ПОМНИТЬ,помнил,0.665366500033997,j,L220,perus,related,inflection,inf,labra,no,20,4
УЗНАТЬ,узнал,0.602182899951004,j,L220,perus,related,inflection,inf,labra,no,20,4
СНИМАТЬ,снимал,0.620549599989317,j,L220,perus,related,inflection,inf,labra,no,20,4
ЗАБЫТЬ,структура,0.635315000079572,j,L220,perus,a_unrelated,inflection,unrel,labra,no,20,4
