,target2,prime2,rt,key,participant,primetype,relationtype,Primert
0,ЛЕТЕТЬ,птица,1.678385,j,ACe,related,semantic,sem
1,ЕХАТЬ,машина,0.93769,j,ACe,related,semantic,sem
2,СПАТЬ,сон,0.92264,j,ACe,related,semantic,sem
3,ЖЕЛАТЬ,надежда,0.76931,j,ACe,related,semantic,sem
4,ИСКАТЬ,найти,0.792785,j,ACe,related,semantic,sem
5,УБИТЬ,мертвый,0.71353,j,ACe,related,semantic,sem
6,КУРИТЬ,сигарета,0.73955,j,ACe,related,semantic,sem
7,НОСИТЬ,одежда,0.68437,j,ACe,related,semantic,sem
8,НАЧАТЬ,старт,0.71809,j,ACe,related,semantic,sem
9,ПИТЬ,вода,0.73604,j,ACe,related,semantic,sem
10,СЧИТАТЬ,мнение,0.81579,j,ACe,related,semantic,sem
11,ПОМНИТЬ,память,0.7669,j,ACe,related,semantic,sem
12,ПЛАКАТЬ,слезы,0.66729,j,ACe,related,semantic,sem
13,ХВАТИТЬ,достаточно,,,ACe,related,semantic,sem
14,ДУМАТЬ,мысль,0.80039,j,ACe,related,semantic,sem
15,СЛЫШАТЬ,ухо,0.65416,j,ACe,related,semantic,sem
16,ВЕРНУТЬ,возвращение,0.74918,j,ACe,related,semantic,sem
17,ПИСАТЬ,карандаш,0.78581,j,ACe,related,semantic,sem
18,ГОВОРИТЬ,общение,0.72717,j,ACe,related,semantic,sem
19,ЗАЯВИТЬ,сообщение,0.648305,j,ACe,related,semantic,sem
20,СТРАДАТЬ,странный,1.28474,j,ACe,related,orthographic,ort
21,СМОТРЕТЬ,смоленск,0.786235,j,ACe,related,orthographic,ort
22,СТОЯТЬ,столько,0.837675,j,ACe,related,orthographic,ort
23,ИГРАТЬ,гранит,0.744335,j,ACe,related,orthographic,ort
24,СТАВИТЬ,старик,0.91951,j,ACe,related,orthographic,ort
25,СЛУШАТЬ,случай,0.63799,j,ACe,related,orthographic,ort
26,ПРОСИТЬ,протеин,0.851015,j,ACe,related,orthographic,ort
27,МЕШАТЬ,ремешки,0.748525,j,ACe,related,orthographic,ort
28,ТЕРПЕТЬ,теперь,0.622925,j,ACe,related,orthographic,ort
29,ТЕРЯТЬ,террор,0.67466,j,ACe,related,orthographic,ort
30,СИДЕТЬ,синее,0.63401,j,ACe,related,orthographic,ort
31,ЧИТАТЬ,цитата,0.651435,j,ACe,related,orthographic,ort
32,ДЕРЖАТЬ,деревня,0.76778,j,ACe,related,orthographic,ort
33,ВЕРИТЬ,вертолет,0.632825,j,ACe,related,orthographic,ort
34,ЗВОНИТЬ,вонючий,0.65454,j,ACe,related,orthographic,ort
35,СОЗДАТЬ,здание,0.60973,j,ACe,related,orthographic,ort
36,СТРОИТЬ,строгий,0.80495,j,ACe,related,orthographic,ort
37,СОБРАТЬ,образ,0.69467,j,ACe,related,orthographic,ort
38,ВЫБРАТЬ,вибрация,0.88869,j,ACe,related,orthographic,ort
39,ТРАТИТЬ,транслит,0.656125,j,ACe,related,orthographic,ort
40,ЛЕТЕТЬ,птица,0.75031,j,Alexander_L1,related,semantic,sem
41,ЕХАТЬ,машина,0.652965,j,Alexander_L1,related,semantic,sem
42,СПАТЬ,сон,0.57703,j,Alexander_L1,related,semantic,sem
43,ЖЕЛАТЬ,надежда,0.6334,j,Alexander_L1,related,semantic,sem
44,ИСКАТЬ,найти,0.632495,j,Alexander_L1,related,semantic,sem
45,УБИТЬ,мертвый,0.633105,j,Alexander_L1,related,semantic,sem
46,КУРИТЬ,сигарета,1.189855,j,Alexander_L1,related,semantic,sem
47,НОСИТЬ,одежда,0.585175,j,Alexander_L1,related,semantic,sem
48,НАЧАТЬ,старт,0.537995,j,Alexander_L1,related,semantic,sem
49,ПИТЬ,вода,0.820765,j,Alexander_L1,related,semantic,sem
50,СЧИТАТЬ,мнение,0.819705,j,Alexander_L1,related,semantic,sem
51,ПОМНИТЬ,память,0.88175,j,Alexander_L1,related,semantic,sem
52,ПЛАКАТЬ,слезы,0.74153,j,Alexander_L1,related,semantic,sem
54,ДУМАТЬ,мысль,0.641555,j,Alexander_L1,related,semantic,sem
55,СЛЫШАТЬ,ухо,0.54947,j,Alexander_L1,related,semantic,sem
56,ВЕРНУТЬ,возвращение,1.285215,j,Alexander_L1,related,semantic,sem
57,ПИСАТЬ,карандаш,0.61991,j,Alexander_L1,related,semantic,sem
58,ГОВОРИТЬ,общение,0.6827,j,Alexander_L1,related,semantic,sem
59,ЗАЯВИТЬ,сообщение,0.71776,j,Alexander_L1,related,semantic,sem
60,СТРАДАТЬ,странный,0.63201,j,Alexander_L1,related,orthographic,ort
62,СТОЯТЬ,столько,0.516245,j,Alexander_L1,related,orthographic,ort
63,ИГРАТЬ,гранит,0.563605,j,Alexander_L1,related,orthographic,ort
64,СТАВИТЬ,старик,0.74091,j,Alexander_L1,related,orthographic,ort
65,СЛУШАТЬ,случай,0.639475,j,Alexander_L1,related,orthographic,ort
66,ПРОСИТЬ,протеин,0.633845,j,Alexander_L1,related,orthographic,ort
67,МЕШАТЬ,ремешки,0.881915,j,Alexander_L1,related,orthographic,ort
68,ТЕРПЕТЬ,теперь,0.607345,j,Alexander_L1,related,orthographic,ort
69,ТЕРЯТЬ,террор,0.835295,j,Alexander_L1,related,orthographic,ort
70,СИДЕТЬ,синее,0.65572,j,Alexander_L1,related,orthographic,ort
71,ЧИТАТЬ,цитата,0.699415,j,Alexander_L1,related,orthographic,ort
72,ДЕРЖАТЬ,деревня,0.54988,j,Alexander_L1,related,orthographic,ort
73,ВЕРИТЬ,вертолет,0.65214,j,Alexander_L1,related,orthographic,ort
74,ЗВОНИТЬ,вонючий,0.6319,j,Alexander_L1,related,orthographic,ort
75,СОЗДАТЬ,здание,0.57417,j,Alexander_L1,related,orthographic,ort
76,СТРОИТЬ,строгий,0.700585,j,Alexander_L1,related,orthographic,ort
77,СОБРАТЬ,образ,0.723235,j,Alexander_L1,related,orthographic,ort
78,ВЫБРАТЬ,вибрация,0.716135,j,Alexander_L1,related,orthographic,ort
81,ЕХАТЬ,машина,0.68713,j,goncolg_L1,related,semantic,sem
82,СПАТЬ,сон,0.693605,j,goncolg_L1,related,semantic,sem
83,ЖЕЛАТЬ,надежда,2.87354,j,goncolg_L1,related,semantic,sem
84,ИСКАТЬ,найти,0.72704,j,goncolg_L1,related,semantic,sem
85,УБИТЬ,мертвый,0.75949,j,goncolg_L1,related,semantic,sem
86,КУРИТЬ,сигарета,0.768165,j,goncolg_L1,related,semantic,sem
87,НОСИТЬ,одежда,0.79011,j,goncolg_L1,related,semantic,sem
88,НАЧАТЬ,старт,0.66607,j,goncolg_L1,related,semantic,sem
89,ПИТЬ,вода,0.75203,j,goncolg_L1,related,semantic,sem
90,СЧИТАТЬ,мнение,1.259715,j,goncolg_L1,related,semantic,sem
91,ПОМНИТЬ,память,1.01111,j,goncolg_L1,related,semantic,sem
92,ПЛАКАТЬ,слезы,0.83416,j,goncolg_L1,related,semantic,sem
93,ХВАТИТЬ,достаточно,0.88294,j,goncolg_L1,related,semantic,sem
94,ДУМАТЬ,мысль,1.124915,j,goncolg_L1,related,semantic,sem
95,СЛЫШАТЬ,ухо,0.90281,j,goncolg_L1,related,semantic,sem
96,ВЕРНУТЬ,возвращение,0.892505,j,goncolg_L1,related,semantic,sem
97,ПИСАТЬ,карандаш,0.809495,j,goncolg_L1,related,semantic,sem
98,ГОВОРИТЬ,общение,0.815145,j,goncolg_L1,related,semantic,sem
99,ЗАЯВИТЬ,сообщение,0.97562,j,goncolg_L1,related,semantic,sem
100,СТРАДАТЬ,странный,0.75902,j,goncolg_L1,related,orthographic,ort
101,СМОТРЕТЬ,смоленск,0.904,j,goncolg_L1,related,orthographic,ort
102,СТОЯТЬ,столько,0.701245,j,goncolg_L1,related,orthographic,ort
103,ИГРАТЬ,гранит,0.71931,j,goncolg_L1,related,orthographic,ort
104,СТАВИТЬ,старик,1.25379,j,goncolg_L1,related,orthographic,ort
105,СЛУШАТЬ,случай,0.67636,j,goncolg_L1,related,orthographic,ort
106,ПРОСИТЬ,протеин,0.65935,j,goncolg_L1,related,orthographic,ort
107,МЕШАТЬ,ремешки,1.239395,j,goncolg_L1,related,orthographic,ort
108,ТЕРПЕТЬ,теперь,1.755915,j,goncolg_L1,related,orthographic,ort
109,ТЕРЯТЬ,террор,0.86981,j,goncolg_L1,related,orthographic,ort
110,СИДЕТЬ,синее,1.61639,j,goncolg_L1,related,orthographic,ort
111,ЧИТАТЬ,цитата,0.927,j,goncolg_L1,related,orthographic,ort
112,ДЕРЖАТЬ,деревня,1.003855,j,goncolg_L1,related,orthographic,ort
113,ВЕРИТЬ,вертолет,0.82439,j,goncolg_L1,related,orthographic,ort
114,ЗВОНИТЬ,вонючий,0.91501,j,goncolg_L1,related,orthographic,ort
115,СОЗДАТЬ,здание,0.784305,j,goncolg_L1,related,orthographic,ort
116,СТРОИТЬ,строгий,0.78268,j,goncolg_L1,related,orthographic,ort
117,СОБРАТЬ,образ,0.86649,j,goncolg_L1,related,orthographic,ort
118,ВЫБРАТЬ,вибрация,0.79463,j,goncolg_L1,related,orthographic,ort
119,ТРАТИТЬ,транслит,1.146285,j,goncolg_L1,related,orthographic,ort
120,ЛЕТЕТЬ,птица,0.603175,j,kaisla7,related,semantic,sem
121,ЕХАТЬ,машина,0.67801,j,kaisla7,related,semantic,sem
122,СПАТЬ,сон,0.66107,j,kaisla7,related,semantic,sem
123,ЖЕЛАТЬ,надежда,,,kaisla7,related,semantic,sem
124,ИСКАТЬ,найти,1.14063,j,kaisla7,related,semantic,sem
125,УБИТЬ,мертвый,0.64345,j,kaisla7,related,semantic,sem
126,КУРИТЬ,сигарета,0.595895,j,kaisla7,related,semantic,sem
127,НОСИТЬ,одежда,0.6155,j,kaisla7,related,semantic,sem
128,НАЧАТЬ,старт,0.59435,j,kaisla7,related,semantic,sem
129,ПИТЬ,вода,0.62537,j,kaisla7,related,semantic,sem
130,СЧИТАТЬ,мнение,0.87668,j,kaisla7,related,semantic,sem
131,ПОМНИТЬ,память,0.551025,j,kaisla7,related,semantic,sem
132,ПЛАКАТЬ,слезы,0.53746,j,kaisla7,related,semantic,sem
133,ХВАТИТЬ,достаточно,0.670955,j,kaisla7,related,semantic,sem
134,ДУМАТЬ,мысль,0.670615,j,kaisla7,related,semantic,sem
135,СЛЫШАТЬ,ухо,0.593615,j,kaisla7,related,semantic,sem
136,ВЕРНУТЬ,возвращение,0.2336,j,kaisla7,related,semantic,sem
137,ПИСАТЬ,карандаш,0.64562,j,kaisla7,related,semantic,sem
138,ГОВОРИТЬ,общение,0.56971,j,kaisla7,related,semantic,sem
139,ЗАЯВИТЬ,сообщение,0.58475,j,kaisla7,related,semantic,sem
140,СТРАДАТЬ,странный,0.37205,j,kaisla7,related,orthographic,ort
141,СМОТРЕТЬ,смоленск,0.51578,j,kaisla7,related,orthographic,ort
142,СТОЯТЬ,столько,0.687845,j,kaisla7,related,orthographic,ort
143,ИГРАТЬ,гранит,0.57783,j,kaisla7,related,orthographic,ort
144,СТАВИТЬ,старик,0.568595,j,kaisla7,related,orthographic,ort
145,СЛУШАТЬ,случай,0.63925,j,kaisla7,related,orthographic,ort
146,ПРОСИТЬ,протеин,0.63396,j,kaisla7,related,orthographic,ort
147,МЕШАТЬ,ремешки,1.522555,j,kaisla7,related,orthographic,ort
148,ТЕРПЕТЬ,теперь,0.710035,j,kaisla7,related,orthographic,ort
149,ТЕРЯТЬ,террор,0.910835,j,kaisla7,related,orthographic,ort
150,СИДЕТЬ,синее,0.485045,j,kaisla7,related,orthographic,ort
151,ЧИТАТЬ,цитата,1.739655,j,kaisla7,related,orthographic,ort
152,ДЕРЖАТЬ,деревня,0.71302,j,kaisla7,related,orthographic,ort
153,ВЕРИТЬ,вертолет,0.70282,j,kaisla7,related,orthographic,ort
154,ЗВОНИТЬ,вонючий,0.599905,j,kaisla7,related,orthographic,ort
155,СОЗДАТЬ,здание,0.568235,j,kaisla7,related,orthographic,ort
156,СТРОИТЬ,строгий,0.54845,j,kaisla7,related,orthographic,ort
157,СОБРАТЬ,образ,0.865235,j,kaisla7,related,orthographic,ort
158,ВЫБРАТЬ,вибрация,0.711825,j,kaisla7,related,orthographic,ort
159,ТРАТИТЬ,транслит,1.057235,j,kaisla7,related,orthographic,ort
160,ЛЕТЕТЬ,птица,0.737,j,tami_L1,related,semantic,sem
161,ЕХАТЬ,машина,0.865,j,tami_L1,related,semantic,sem
162,СПАТЬ,сон,1.855,j,tami_L1,related,semantic,sem
163,ЖЕЛАТЬ,надежда,0.831,j,tami_L1,related,semantic,sem
164,ИСКАТЬ,найти,0.804,j,tami_L1,related,semantic,sem
165,УБИТЬ,мертвый,0.988,j,tami_L1,related,semantic,sem
166,КУРИТЬ,сигарета,0.773,j,tami_L1,related,semantic,sem
167,НОСИТЬ,одежда,0.851,j,tami_L1,related,semantic,sem
168,НАЧАТЬ,старт,0.681,j,tami_L1,related,semantic,sem
169,ПИТЬ,вода,0.819,j,tami_L1,related,semantic,sem
170,СЧИТАТЬ,мнение,1.133,j,tami_L1,related,semantic,sem
171,ПОМНИТЬ,память,0.722,j,tami_L1,related,semantic,sem
172,ПЛАКАТЬ,слезы,1.021,j,tami_L1,related,semantic,sem
173,ХВАТИТЬ,достаточно,1.781,j,tami_L1,related,semantic,sem
174,ДУМАТЬ,мысль,0.849,j,tami_L1,related,semantic,sem
175,СЛЫШАТЬ,ухо,0.758,j,tami_L1,related,semantic,sem
176,ВЕРНУТЬ,возвращение,0.904,j,tami_L1,related,semantic,sem
177,ПИСАТЬ,карандаш,0.689,j,tami_L1,related,semantic,sem
178,ГОВОРИТЬ,общение,0.762,j,tami_L1,related,semantic,sem
179,ЗАЯВИТЬ,сообщение,0.84,j,tami_L1,related,semantic,sem
180,СТРАДАТЬ,странный,0.754,j,tami_L1,related,orthographic,ort
181,СМОТРЕТЬ,смоленск,0.888,j,tami_L1,related,orthographic,ort
182,СТОЯТЬ,столько,1.002,j,tami_L1,related,orthographic,ort
183,ИГРАТЬ,гранит,0.738,j,tami_L1,related,orthographic,ort
184,СТАВИТЬ,старик,0.97,j,tami_L1,related,orthographic,ort
185,СЛУШАТЬ,случай,1.689,j,tami_L1,related,orthographic,ort
186,ПРОСИТЬ,протеин,0.805,j,tami_L1,related,orthographic,ort
187,МЕШАТЬ,ремешки,0.821,j,tami_L1,related,orthographic,ort
188,ТЕРПЕТЬ,теперь,0.819,j,tami_L1,related,orthographic,ort
189,ТЕРЯТЬ,террор,0.887,j,tami_L1,related,orthographic,ort
190,СИДЕТЬ,синее,0.881,j,tami_L1,related,orthographic,ort
191,ЧИТАТЬ,цитата,0.771,j,tami_L1,related,orthographic,ort
192,ДЕРЖАТЬ,деревня,0.937,j,tami_L1,related,orthographic,ort
193,ВЕРИТЬ,вертолет,0.713,j,tami_L1,related,orthographic,ort
194,ЗВОНИТЬ,вонючий,0.989,j,tami_L1,related,orthographic,ort
195,СОЗДАТЬ,здание,1.107,j,tami_L1,related,orthographic,ort
196,СТРОИТЬ,строгий,0.79,j,tami_L1,related,orthographic,ort
197,СОБРАТЬ,образ,1.018,j,tami_L1,related,orthographic,ort
198,ВЫБРАТЬ,вибрация,0.856,j,tami_L1,related,orthographic,ort
199,ТРАТИТЬ,транслит,0.789,j,tami_L1,related,orthographic,ort
,ЛЕТЕТЬ,лететь,0.558,j,Alina,identity,semantic,id
,ЕХАТЬ,ехать,0.573,j,Alina,identity,semantic,id
,СПАТЬ,спать,0.424,j,Alina,identity,semantic,id
,ЖЕЛАТЬ,желать,0.499,j,Alina,identity,semantic,id
,ИСКАТЬ,искать,0.422,j,Alina,identity,semantic,id
,УБИТЬ,убить,0.406,j,Alina,identity,semantic,id
,КУРИТЬ,курить,0.496,j,Alina,identity,semantic,id
,НОСИТЬ,носить,0.522,j,Alina,identity,semantic,id
,НАЧАТЬ,начать,0.496,j,Alina,identity,semantic,id
,ПИТЬ,пить,0.543,j,Alina,identity,semantic,id
,СЧИТАТЬ,считать,0.469,j,Alina,identity,semantic,id
,ПОМНИТЬ,помнить,0.538,j,Alina,identity,semantic,id
,ПЛАКАТЬ,плакать,0.566,j,Alina,identity,semantic,id
,ХВАТИТЬ,хватить,0.434,j,Alina,identity,semantic,id
,ДУМАТЬ,думать,0.592,j,Alina,identity,semantic,id
,СЛЫШАТЬ,слышать,0.455,j,Alina,identity,semantic,id
,ВЕРНУТЬ,вернуть,0.516,j,Alina,identity,semantic,id
,ПИСАТЬ,писать,0.456,j,Alina,identity,semantic,id
,ГОВОРИТЬ,говорить,0.58,j,Alina,identity,semantic,id
,ЗАЯВИТЬ,заявить,0.479,j,Alina,identity,semantic,id
,СТРАДАТЬ,страдать,0.526,j,Alina,identity,orthographic,id
,СМОТРЕТЬ,смотреть,0.502,j,Alina,identity,orthographic,id
,СТОЯТЬ,стоять,0.524,j,Alina,identity,orthographic,id
,ИГРАТЬ,играть,0.522,j,Alina,identity,orthographic,id
,СЛУШАТЬ,слушать,0.482,j,Alina,identity,orthographic,id
,ПРОСИТЬ,просить,0.535,j,Alina,identity,orthographic,id
,МЕШАТЬ,мешать,0.722,j,Alina,identity,orthographic,id
,ТЕРПЕТЬ,терпеть,0.538,j,Alina,identity,orthographic,id
,ТЕРЯТЬ,терять,0.508,j,Alina,identity,orthographic,id
,СИДЕТЬ,сидеть,0.605,j,Alina,identity,orthographic,id
,ЧИТАТЬ,читать,0.502,j,Alina,identity,orthographic,id
,ДЕРЖАТЬ,держать,0.436,j,Alina,identity,orthographic,id
,ВЕРИТЬ,верить,0.516,j,Alina,identity,orthographic,id
,ЗВОНИТЬ,звонить,0.401,j,Alina,identity,orthographic,id
,СОЗДАТЬ,создать,0.386,j,Alina,identity,orthographic,id
,СТРОИТЬ,строить,0.445,j,Alina,identity,orthographic,id
,СОБРАТЬ,собрать,0.552,j,Alina,identity,orthographic,id
,ВЫБРАТЬ,выбрать,0.513,j,Alina,identity,orthographic,id
,ТРАТИТЬ,тратить,0.466,j,Alina,identity,orthographic,id
,ЛЕТЕТЬ,лететь,0.677,j,danna_L1,identity,semantic,id
,ЕХАТЬ,ехать,0.6782,j,danna_L1,identity,semantic,id
,СПАТЬ,спать,0.6644,j,danna_L1,identity,semantic,id
,ЖЕЛАТЬ,желать,0.5367,j,danna_L1,identity,semantic,id
,ИСКАТЬ,искать,0.6527,j,danna_L1,identity,semantic,id
,УБИТЬ,убить,1.0171,j,danna_L1,identity,semantic,id
,КУРИТЬ,курить,0.5707,j,danna_L1,identity,semantic,id
,НОСИТЬ,носить,0.7547,j,danna_L1,identity,semantic,id
,НАЧАТЬ,начать,0.5774,j,danna_L1,identity,semantic,id
,ПИТЬ,пить,0.5317,j,danna_L1,identity,semantic,id
,СЧИТАТЬ,считать,0.9847,j,danna_L1,identity,semantic,id
,ПОМНИТЬ,помнить,0.7157,j,danna_L1,identity,semantic,id
,ПЛАКАТЬ,плакать,0.5503,j,danna_L1,identity,semantic,id
,ХВАТИТЬ,хватить,0.6298,j,danna_L1,identity,semantic,id
,ДУМАТЬ,думать,0.5795,j,danna_L1,identity,semantic,id
,СЛЫШАТЬ,слышать,0.5659,j,danna_L1,identity,semantic,id
,ВЕРНУТЬ,вернуть,0.5999,j,danna_L1,identity,semantic,id
,ПИСАТЬ,писать,0.6457,j,danna_L1,identity,semantic,id
,ГОВОРИТЬ,говорить,0.5748,j,danna_L1,identity,semantic,id
,ЗАЯВИТЬ,заявить,0.884,j,danna_L1,identity,semantic,id
,СТРАДАТЬ,страдать,1.2789,j,danna_L1,identity,orthographic,id
,СМОТРЕТЬ,смотреть,0.6576,j,danna_L1,identity,orthographic,id
,СТОЯТЬ,стоять,0.7184,j,danna_L1,identity,orthographic,id
,ИГРАТЬ,играть,0.756,j,danna_L1,identity,orthographic,id
,СТАВИТЬ,ставить,0.746,j,danna_L1,identity,orthographic,id
,СЛУШАТЬ,слушать,0.6653,j,danna_L1,identity,orthographic,id
,ПРОСИТЬ,просить,0.7747,j,danna_L1,identity,orthographic,id
,МЕШАТЬ,мешать,0.678,j,danna_L1,identity,orthographic,id
,ТЕРПЕТЬ,терпеть,0.6297,j,danna_L1,identity,orthographic,id
,ТЕРЯТЬ,терять,0.6476,j,danna_L1,identity,orthographic,id
,СИДЕТЬ,сидеть,0.5967,j,danna_L1,identity,orthographic,id
,ЧИТАТЬ,читать,0.4852,j,danna_L1,identity,orthographic,id
,ДЕРЖАТЬ,держать,0.537,j,danna_L1,identity,orthographic,id
,ВЕРИТЬ,верить,0.5941,j,danna_L1,identity,orthographic,id
,ЗВОНИТЬ,звонить,0.668,j,danna_L1,identity,orthographic,id
,СОЗДАТЬ,создать,1.276,j,danna_L1,identity,orthographic,id
,СТРОИТЬ,строить,0.5223,j,danna_L1,identity,orthographic,id
,СОБРАТЬ,собрать,0.6681,j,danna_L1,identity,orthographic,id
,ВЫБРАТЬ,выбрать,0.5215,j,danna_L1,identity,orthographic,id
,ТРАТИТЬ,тратить,0.6474,j,danna_L1,identity,orthographic,id
,ЛЕТЕТЬ,лететь,0.6519,j,Inessa_L1,identity,semantic,id
,ЕХАТЬ,ехать,0.5315,j,Inessa_L1,identity,semantic,id
,СПАТЬ,спать,0.5703,j,Inessa_L1,identity,semantic,id
,ЖЕЛАТЬ,желать,0.6513,j,Inessa_L1,identity,semantic,id
,ИСКАТЬ,искать,0.5804,j,Inessa_L1,identity,semantic,id
,УБИТЬ,убить,0.5966,j,Inessa_L1,identity,semantic,id
,КУРИТЬ,курить,0.6184,j,Inessa_L1,identity,semantic,id
,НОСИТЬ,носить,0.5707,j,Inessa_L1,identity,semantic,id
,НАЧАТЬ,начать,0.6037,j,Inessa_L1,identity,semantic,id
,ПИТЬ,пить,0.5662,j,Inessa_L1,identity,semantic,id
,ПОМНИТЬ,помнить,0.6386,j,Inessa_L1,identity,semantic,id
,ПЛАКАТЬ,плакать,0.6175,j,Inessa_L1,identity,semantic,id
,ХВАТИТЬ,хватить,0.6832,j,Inessa_L1,identity,semantic,id
,ДУМАТЬ,думать,0.4634,j,Inessa_L1,identity,semantic,id
,СЛЫШАТЬ,слышать,0.651,j,Inessa_L1,identity,semantic,id
,ВЕРНУТЬ,вернуть,0.6123,j,Inessa_L1,identity,semantic,id
,ПИСАТЬ,писать,0.6534,j,Inessa_L1,identity,semantic,id
,ГОВОРИТЬ,говорить,0.569,j,Inessa_L1,identity,semantic,id
,ЗАЯВИТЬ,заявить,0.553,j,Inessa_L1,identity,semantic,id
,СТРАДАТЬ,страдать,0.5842,j,Inessa_L1,identity,orthographic,id
,СМОТРЕТЬ,смотреть,0.4829,j,Inessa_L1,identity,orthographic,id
,СТОЯТЬ,стоять,0.6717,j,Inessa_L1,identity,orthographic,id
,ИГРАТЬ,играть,0.6666,j,Inessa_L1,identity,orthographic,id
,СТАВИТЬ,ставить,0.6814,j,Inessa_L1,identity,orthographic,id
,СЛУШАТЬ,слушать,0.5336,j,Inessa_L1,identity,orthographic,id
,ПРОСИТЬ,просить,0.5366,j,Inessa_L1,identity,orthographic,id
,МЕШАТЬ,мешать,0.7694,j,Inessa_L1,identity,orthographic,id
,ТЕРПЕТЬ,терпеть,0.5554,j,Inessa_L1,identity,orthographic,id
,ТЕРЯТЬ,терять,0.6377,j,Inessa_L1,identity,orthographic,id
,СИДЕТЬ,сидеть,0.6213,j,Inessa_L1,identity,orthographic,id
,ЧИТАТЬ,читать,0.6162,j,Inessa_L1,identity,orthographic,id
,ДЕРЖАТЬ,держать,0.5865,j,Inessa_L1,identity,orthographic,id
,ВЕРИТЬ,верить,0.5613,j,Inessa_L1,identity,orthographic,id
,ЗВОНИТЬ,звонить,0.6144,j,Inessa_L1,identity,orthographic,id
,СОЗДАТЬ,создать,0.5531,j,Inessa_L1,identity,orthographic,id
,СТРОИТЬ,строить,0.6228,j,Inessa_L1,identity,orthographic,id
,СОБРАТЬ,собрать,0.5372,j,Inessa_L1,identity,orthographic,id
,ВЫБРАТЬ,выбрать,0.6339,j,Inessa_L1,identity,orthographic,id
,ТРАТИТЬ,тратить,0.5999,j,Inessa_L1,identity,orthographic,id
,ЛЕТЕТЬ,лететь,0.753,j,JVL1,identity,semantic,id
,ЕХАТЬ,ехать,0.918,j,JVL1,identity,semantic,id
,СПАТЬ,спать,0.665,j,JVL1,identity,semantic,id
,ЖЕЛАТЬ,желать,0.831,j,JVL1,identity,semantic,id
,ИСКАТЬ,искать,0.983,j,JVL1,identity,semantic,id
,УБИТЬ,убить,0.8,j,JVL1,identity,semantic,id
,КУРИТЬ,курить,0.886,j,JVL1,identity,semantic,id
,НОСИТЬ,носить,0.888,j,JVL1,identity,semantic,id
,НАЧАТЬ,начать,0.885,j,JVL1,identity,semantic,id
,ПИТЬ,пить,0.954,j,JVL1,identity,semantic,id
,СЧИТАТЬ,считать,1.072,j,JVL1,identity,semantic,id
,ПОМНИТЬ,помнить,1.057,j,JVL1,identity,semantic,id
,ПЛАКАТЬ,плакать,0.89,j,JVL1,identity,semantic,id
,ХВАТИТЬ,хватить,1.166,j,JVL1,identity,semantic,id
,ДУМАТЬ,думать,0.816,j,JVL1,identity,semantic,id
,СЛЫШАТЬ,слышать,0.786,j,JVL1,identity,semantic,id
,ВЕРНУТЬ,вернуть,1.115,j,JVL1,identity,semantic,id
,ПИСАТЬ,писать,0.701,j,JVL1,identity,semantic,id
,ГОВОРИТЬ,говорить,0.64,j,JVL1,identity,semantic,id
,ЗАЯВИТЬ,заявить,0.798,j,JVL1,identity,semantic,id
,СТРАДАТЬ,страдать,0.733,j,JVL1,identity,orthographic,id
,СМОТРЕТЬ,смотреть,0.896,j,JVL1,identity,orthographic,id
,СТОЯТЬ,стоять,0.985,j,JVL1,identity,orthographic,id
,ИГРАТЬ,играть,0.735,j,JVL1,identity,orthographic,id
,СТАВИТЬ,ставить,1.08,j,JVL1,identity,orthographic,id
,СЛУШАТЬ,слушать,0.748,j,JVL1,identity,orthographic,id
,ПРОСИТЬ,просить,0.881,j,JVL1,identity,orthographic,id
,МЕШАТЬ,мешать,1.319,j,JVL1,identity,orthographic,id
,ТЕРПЕТЬ,терпеть,0.747,j,JVL1,identity,orthographic,id
,ТЕРЯТЬ,терять,1.218,j,JVL1,identity,orthographic,id
,СИДЕТЬ,сидеть,0.846,j,JVL1,identity,orthographic,id
,ЧИТАТЬ,читать,0.735,j,JVL1,identity,orthographic,id
,ДЕРЖАТЬ,держать,0.739,j,JVL1,identity,orthographic,id
,ВЕРИТЬ,верить,0.747,j,JVL1,identity,orthographic,id
,ЗВОНИТЬ,звонить,0.707,j,JVL1,identity,orthographic,id
,СОЗДАТЬ,создать,1.152,j,JVL1,identity,orthographic,id
,СТРОИТЬ,строить,0.868,j,JVL1,identity,orthographic,id
,СОБРАТЬ,собрать,0.734,j,JVL1,identity,orthographic,id
,ВЫБРАТЬ,выбрать,1.249,j,JVL1,identity,orthographic,id
,ТРАТИТЬ,тратить,0.9,j,JVL1,identity,orthographic,id
,ЛЕТЕТЬ,лететь,0.65,j,Pavel_L1,identity,semantic,id
,ЕХАТЬ,ехать,0.79,j,Pavel_L1,identity,semantic,id
,СПАТЬ,спать,0.731,j,Pavel_L1,identity,semantic,id
,ЖЕЛАТЬ,желать,0.574,j,Pavel_L1,identity,semantic,id
,ИСКАТЬ,искать,0.516,j,Pavel_L1,identity,semantic,id
,УБИТЬ,убить,0.483,j,Pavel_L1,identity,semantic,id
,КУРИТЬ,курить,0.551,j,Pavel_L1,identity,semantic,id
,НОСИТЬ,носить,0.589,j,Pavel_L1,identity,semantic,id
,НАЧАТЬ,начать,0.475,j,Pavel_L1,identity,semantic,id
,ПИТЬ,пить,0.555,j,Pavel_L1,identity,semantic,id
,СЧИТАТЬ,считать,0.616,j,Pavel_L1,identity,semantic,id
,ПОМНИТЬ,помнить,0.619,j,Pavel_L1,identity,semantic,id
,ПЛАКАТЬ,плакать,0.5,j,Pavel_L1,identity,semantic,id
,ХВАТИТЬ,хватить,0.482,j,Pavel_L1,identity,semantic,id
,ДУМАТЬ,думать,0.532,j,Pavel_L1,identity,semantic,id
,СЛЫШАТЬ,слышать,0.489,j,Pavel_L1,identity,semantic,id
,ВЕРНУТЬ,вернуть,0.615,j,Pavel_L1,identity,semantic,id
,ПИСАТЬ,писать,0.664,j,Pavel_L1,identity,semantic,id
,ГОВОРИТЬ,говорить,0.487,j,Pavel_L1,identity,semantic,id
,ЗАЯВИТЬ,заявить,0.606,j,Pavel_L1,identity,semantic,id
,СТРАДАТЬ,страдать,0.673,j,Pavel_L1,identity,orthographic,id
,СМОТРЕТЬ,смотреть,1.681,j,Pavel_L1,identity,orthographic,id
,СТОЯТЬ,стоять,0.899,j,Pavel_L1,identity,orthographic,id
,ИГРАТЬ,играть,0.454,j,Pavel_L1,identity,orthographic,id
,СТАВИТЬ,ставить,0.65,j,Pavel_L1,identity,orthographic,id
,СЛУШАТЬ,слушать,0.564,j,Pavel_L1,identity,orthographic,id
,ПРОСИТЬ,просить,0.584,j,Pavel_L1,identity,orthographic,id
,МЕШАТЬ,мешать,0.583,j,Pavel_L1,identity,orthographic,id
,ТЕРПЕТЬ,терпеть,0.865,j,Pavel_L1,identity,orthographic,id
,ТЕРЯТЬ,терять,0.553,j,Pavel_L1,identity,orthographic,id
,СИДЕТЬ,сидеть,0.554,j,Pavel_L1,identity,orthographic,id
,ЧИТАТЬ,читать,0.482,j,Pavel_L1,identity,orthographic,id
,ДЕРЖАТЬ,держать,0.482,j,Pavel_L1,identity,orthographic,id
,ВЕРИТЬ,верить,0.554,j,Pavel_L1,identity,orthographic,id
,ЗВОНИТЬ,звонить,0.516,j,Pavel_L1,identity,orthographic,id
,СОЗДАТЬ,создать,0.499,j,Pavel_L1,identity,orthographic,id
,СТРОИТЬ,строить,0.548,j,Pavel_L1,identity,orthographic,id
,СОБРАТЬ,собрать,0.532,j,Pavel_L1,identity,orthographic,id
,ВЫБРАТЬ,выбрать,0.502,j,Pavel_L1,identity,orthographic,id
,ТРАТИТЬ,тратить,0.648,j,Pavel_L1,identity,orthographic,id
,ВЕРИТЬ,,0.600175,j,AAA_L1,a_unrelated,orthographic,unrel
,ВЕРИТЬ,,0.599655,j,Jelenie Rainer L1,a_unrelated,orthographic,unrel
,ВЕРИТЬ,,0.535725,j,jishasha_L1,a_unrelated,orthographic,unrel
,ВЕРИТЬ,,0.533,j,Ren_L1,a_unrelated,orthographic,unrel
,ВЕРИТЬ,,0.591865,j,Svetlo,a_unrelated,orthographic,unrel
,ВЕРНУТЬ,,0.681745,j,maya68,a_unrelated,semantic,unrel
,ВЕРНУТЬ,,0.65639,j,peikko,a_unrelated,semantic,unrel
,ВЕРНУТЬ,,0.58857,j,vesna,a_unrelated,semantic,unrel
,ВЕРНУТЬ,,0.63025,j,Zoya,a_unrelated,semantic,unrel
,ВЕРНУТЬ,,0.642,j,шима,a_unrelated,semantic,unrel
,ВЫБРАТЬ,,0.646835,j,maya68,a_unrelated,orthographic,unrel
,ВЫБРАТЬ,,0.64987,j,peikko,a_unrelated,orthographic,unrel
,ВЫБРАТЬ,,0.80266,j,vesna,a_unrelated,orthographic,unrel
,ВЫБРАТЬ,,0.531785,j,Zoya,a_unrelated,orthographic,unrel
,ВЫБРАТЬ,,0.756,j,шима,a_unrelated,orthographic,unrel
,ГОВОРИТЬ,,0.60108,j,AAA_L1,a_unrelated,semantic,unrel
,ГОВОРИТЬ,,0.566525,j,Jelenie Rainer L1,a_unrelated,semantic,unrel
,ГОВОРИТЬ,,0.48842,j,jishasha_L1,a_unrelated,semantic,unrel
,ГОВОРИТЬ,,0.547,j,Ren_L1,a_unrelated,semantic,unrel
,ГОВОРИТЬ,,0.52071,j,Svetlo,a_unrelated,semantic,unrel
,ДЕРЖАТЬ,,0.55397,j,AAA_L1,a_unrelated,orthographic,unrel
,ДЕРЖАТЬ,,0.600285,j,Jelenie Rainer L1,a_unrelated,orthographic,unrel
,ДЕРЖАТЬ,,0.528195,j,jishasha_L1,a_unrelated,orthographic,unrel
,ДЕРЖАТЬ,,0.566,j,Ren_L1,a_unrelated,orthographic,unrel
,ДЕРЖАТЬ,,0.579625,j,Svetlo,a_unrelated,orthographic,unrel
,ДУМАТЬ,,0.720355,j,AAA_L1,a_unrelated,semantic,unrel
,ДУМАТЬ,,0.63308,j,Jelenie Rainer L1,a_unrelated,semantic,unrel
,ДУМАТЬ,,0.535235,j,jishasha_L1,a_unrelated,semantic,unrel
,ДУМАТЬ,,0.574,j,Ren_L1,a_unrelated,semantic,unrel
,ДУМАТЬ,,0.56577,j,Svetlo,a_unrelated,semantic,unrel
,ЕХАТЬ,,0.94054,j,maya68,a_unrelated,semantic,unrel
,ЕХАТЬ,,0.69584,j,peikko,a_unrelated,semantic,unrel
,ЕХАТЬ,,0.650845,j,vesna,a_unrelated,semantic,unrel
,ЕХАТЬ,,1.11962,j,Zoya,a_unrelated,semantic,unrel
,ЕХАТЬ,,0.729,j,шима,a_unrelated,semantic,unrel
,ЖЕЛАТЬ,,0.63046,j,maya68,a_unrelated,semantic,unrel
,ЖЕЛАТЬ,,0.666755,j,peikko,a_unrelated,semantic,unrel
,ЖЕЛАТЬ,,0.55586,j,vesna,a_unrelated,semantic,unrel
,ЖЕЛАТЬ,,0.635565,j,Zoya,a_unrelated,semantic,unrel
,ЖЕЛАТЬ,,0.679,j,шима,a_unrelated,semantic,unrel
,ЗАЯВИТЬ,,0.61726,j,maya68,a_unrelated,semantic,unrel
,ЗАЯВИТЬ,,0.46696,j,peikko,a_unrelated,semantic,unrel
,ЗАЯВИТЬ,,0.521475,j,vesna,a_unrelated,semantic,unrel
,ЗАЯВИТЬ,,0.55656,j,Zoya,a_unrelated,semantic,unrel
,ЗАЯВИТЬ,,0.854,j,шима,a_unrelated,semantic,unrel
,ЗВОНИТЬ,,0.53337,j,AAA_L1,a_unrelated,orthographic,unrel
,ЗВОНИТЬ,,0.59967,j,Jelenie Rainer L1,a_unrelated,orthographic,unrel
,ЗВОНИТЬ,,0.803835,j,jishasha_L1,a_unrelated,orthographic,unrel
,ЗВОНИТЬ,,0.521,j,Ren_L1,a_unrelated,orthographic,unrel
,ЗВОНИТЬ,,0.565315,j,Svetlo,a_unrelated,orthographic,unrel
,ИГРАТЬ,,0.68168,j,maya68,a_unrelated,orthographic,unrel
,ИГРАТЬ,,0.618545,j,peikko,a_unrelated,orthographic,unrel
,ИГРАТЬ,,0.56956,j,vesna,a_unrelated,orthographic,unrel
,ИГРАТЬ,,0.580345,j,Zoya,a_unrelated,orthographic,unrel
,ИГРАТЬ,,0.671,j,шима,a_unrelated,orthographic,unrel
,ИСКАТЬ,,0.968995,j,maya68,a_unrelated,semantic,unrel
,ИСКАТЬ,,0.61852,j,peikko,a_unrelated,semantic,unrel
,ИСКАТЬ,,0.563935,j,vesna,a_unrelated,semantic,unrel
,ИСКАТЬ,,0.68309,j,Zoya,a_unrelated,semantic,unrel
,ИСКАТЬ,,0.614,j,шима,a_unrelated,semantic,unrel
,КУРИТЬ,,0.630265,j,maya68,a_unrelated,semantic,unrel
,КУРИТЬ,,0.73358,j,peikko,a_unrelated,semantic,unrel
,КУРИТЬ,,0.581625,j,vesna,a_unrelated,semantic,unrel
,КУРИТЬ,,0.486,j,шима,a_unrelated,semantic,unrel
,ЛЕТЕТЬ,,0.66651,j,AAA_L1,a_unrelated,semantic,unrel
,ЛЕТЕТЬ,,1.01904,j,Jelenie Rainer L1,a_unrelated,semantic,unrel
,ЛЕТЕТЬ,,0.651615,j,jishasha_L1,a_unrelated,semantic,unrel
,ЛЕТЕТЬ,,0.74984,j,Svetlo,a_unrelated,semantic,unrel
,МЕШАТЬ,,0.746585,j,maya68,a_unrelated,orthographic,unrel
,МЕШАТЬ,,0.649815,j,peikko,a_unrelated,orthographic,unrel
,МЕШАТЬ,,0.59866,j,vesna,a_unrelated,orthographic,unrel
,МЕШАТЬ,,0.612875,j,Zoya,a_unrelated,orthographic,unrel
,МЕШАТЬ,,0.806,j,шима,a_unrelated,orthographic,unrel
,НАЧАТЬ,,0.53399,j,AAA_L1,a_unrelated,semantic,unrel
,НАЧАТЬ,,0.628715,j,Jelenie Rainer L1,a_unrelated,semantic,unrel
,НАЧАТЬ,,0.53436,j,jishasha_L1,a_unrelated,semantic,unrel
,НАЧАТЬ,,0.565,j,Ren_L1,a_unrelated,semantic,unrel
,НАЧАТЬ,,0.50886,j,Svetlo,a_unrelated,semantic,unrel
,НОСИТЬ,,0.552575,j,AAA_L1,a_unrelated,semantic,unrel
,НОСИТЬ,,0.55834,j,Jelenie Rainer L1,a_unrelated,semantic,unrel
,НОСИТЬ,,0.55544,j,jishasha_L1,a_unrelated,semantic,unrel
,НОСИТЬ,,0.561,j,Ren_L1,a_unrelated,semantic,unrel
,НОСИТЬ,,0.59845,j,Svetlo,a_unrelated,semantic,unrel
,ПИСАТЬ,,0.664765,j,AAA_L1,a_unrelated,semantic,unrel
,ПИСАТЬ,,0.511775,j,Jelenie Rainer L1,a_unrelated,semantic,unrel
,ПИСАТЬ,,0.41851,j,jishasha_L1,a_unrelated,semantic,unrel
,ПИСАТЬ,,0.619,j,Ren_L1,a_unrelated,semantic,unrel
,ПИСАТЬ,,0.58576,j,Svetlo,a_unrelated,semantic,unrel
,ПИТЬ,,0.60021,j,AAA_L1,a_unrelated,semantic,unrel
,ПИТЬ,,0.61682,j,Jelenie Rainer L1,a_unrelated,semantic,unrel
,ПИТЬ,,0.590765,j,jishasha_L1,a_unrelated,semantic,unrel
,ПИТЬ,,0.549,j,Ren_L1,a_unrelated,semantic,unrel
,ПИТЬ,,0.68192,j,Svetlo,a_unrelated,semantic,unrel
,ПЛАКАТЬ,,0.64716,j,maya68,a_unrelated,semantic,unrel
,ПЛАКАТЬ,,0.604355,j,peikko,a_unrelated,semantic,unrel
,ПЛАКАТЬ,,0.531205,j,vesna,a_unrelated,semantic,unrel
,ПЛАКАТЬ,,0.53218,j,Zoya,a_unrelated,semantic,unrel
,ПЛАКАТЬ,,0.735,j,шима,a_unrelated,semantic,unrel
,ПОМНИТЬ,,0.664795,j,AAA_L1,a_unrelated,semantic,unrel
,ПОМНИТЬ,,0.588555,j,Jelenie Rainer L1,a_unrelated,semantic,unrel
,ПОМНИТЬ,,0.541955,j,jishasha_L1,a_unrelated,semantic,unrel
,ПОМНИТЬ,,0.634,j,Ren_L1,a_unrelated,semantic,unrel
,ПОМНИТЬ,,0.57263,j,Svetlo,a_unrelated,semantic,unrel
,ПРОСИТЬ,,0.685375,j,maya68,a_unrelated,orthographic,unrel
,ПРОСИТЬ,,0.768055,j,peikko,a_unrelated,orthographic,unrel
,ПРОСИТЬ,,0.57147,j,vesna,a_unrelated,orthographic,unrel
,ПРОСИТЬ,,0.70531,j,Zoya,a_unrelated,orthographic,unrel
,ПРОСИТЬ,,0.766,j,шима,a_unrelated,orthographic,unrel
,СИДЕТЬ,,0.55046,j,AAA_L1,a_unrelated,orthographic,unrel
,СИДЕТЬ,,0.683455,j,Jelenie Rainer L1,a_unrelated,orthographic,unrel
,СИДЕТЬ,,0.66665,j,jishasha_L1,a_unrelated,orthographic,unrel
,СИДЕТЬ,,0.431,j,Ren_L1,a_unrelated,orthographic,unrel
,СИДЕТЬ,,0.54148,j,Svetlo,a_unrelated,orthographic,unrel
,СЛУШАТЬ,,0.644985,j,maya68,a_unrelated,orthographic,unrel
,СЛУШАТЬ,,0.634155,j,peikko,a_unrelated,orthographic,unrel
,СЛУШАТЬ,,1.23865,j,vesna,a_unrelated,orthographic,unrel
,СЛУШАТЬ,,0.6377,j,Zoya,a_unrelated,orthographic,unrel
,СЛУШАТЬ,,0.6,j,шима,a_unrelated,orthographic,unrel
,СЛЫШАТЬ,,0.548935,j,AAA_L1,a_unrelated,semantic,unrel
,СЛЫШАТЬ,,0.61827,j,Jelenie Rainer L1,a_unrelated,semantic,unrel
,СЛЫШАТЬ,,0.5598,j,jishasha_L1,a_unrelated,semantic,unrel
,СЛЫШАТЬ,,0.565,j,Ren_L1,a_unrelated,semantic,unrel
,СЛЫШАТЬ,,0.55028,j,Svetlo,a_unrelated,semantic,unrel
,СМОТРЕТЬ,,0.73227,j,maya68,a_unrelated,orthographic,unrel
,СМОТРЕТЬ,,0.61726,j,peikko,a_unrelated,orthographic,unrel
,СМОТРЕТЬ,,0.66773,j,vesna,a_unrelated,orthographic,unrel
,СМОТРЕТЬ,,0.62122,j,Zoya,a_unrelated,orthographic,unrel
,СМОТРЕТЬ,,0.888,j,шима,a_unrelated,orthographic,unrel
,СОБРАТЬ,,0.637195,j,maya68,a_unrelated,orthographic,unrel
,СОБРАТЬ,,0.58313,j,peikko,a_unrelated,orthographic,unrel
,СОБРАТЬ,,0.58144,j,vesna,a_unrelated,orthographic,unrel
,СОБРАТЬ,,0.813125,j,Zoya,a_unrelated,orthographic,unrel
,СОБРАТЬ,,0.711,j,шима,a_unrelated,orthographic,unrel
,СОЗДАТЬ,,0.48743,j,AAA_L1,a_unrelated,orthographic,unrel
,СОЗДАТЬ,,0.6753,j,Jelenie Rainer L1,a_unrelated,orthographic,unrel
,СОЗДАТЬ,,0.688,j,Ren_L1,a_unrelated,orthographic,unrel
,СОЗДАТЬ,,0.53576,j,Svetlo,a_unrelated,orthographic,unrel
,СПАТЬ,,0.604045,j,AAA_L1,a_unrelated,semantic,unrel
,СПАТЬ,,0.66659,j,Jelenie Rainer L1,a_unrelated,semantic,unrel
,СПАТЬ,,0.50143,j,jishasha_L1,a_unrelated,semantic,unrel
,СПАТЬ,,0.69679,j,maya68,a_unrelated,semantic,unrel
,СПАТЬ,,0.76738,j,peikko,a_unrelated,semantic,unrel
,СПАТЬ,,0.605,j,Ren_L1,a_unrelated,semantic,unrel
,СПАТЬ,,0.530865,j,Svetlo,a_unrelated,semantic,unrel
,СПАТЬ,,0.63402,j,vesna,a_unrelated,semantic,unrel
,СПАТЬ,,0.56431,j,Zoya,a_unrelated,semantic,unrel
,СПАТЬ,,0.598,j,шима,a_unrelated,semantic,unrel
,СТАВИТЬ,,0.79591,j,maya68,a_unrelated,orthographic,unrel
,СТАВИТЬ,,0.69676,j,peikko,a_unrelated,orthographic,unrel
,СТАВИТЬ,,0.638595,j,vesna,a_unrelated,orthographic,unrel
,СТАВИТЬ,,0.73613,j,Zoya,a_unrelated,orthographic,unrel
,СТАВИТЬ,,0.763,j,шима,a_unrelated,orthographic,unrel
,СТОЯТЬ,,0.76281,j,maya68,a_unrelated,orthographic,unrel
,СТОЯТЬ,,0.592945,j,peikko,a_unrelated,orthographic,unrel
,СТОЯТЬ,,0.59742,j,vesna,a_unrelated,orthographic,unrel
,СТОЯТЬ,,0.642165,j,Zoya,a_unrelated,orthographic,unrel
,СТОЯТЬ,,0.688,j,шима,a_unrelated,orthographic,unrel
,СТРАДАТЬ,,0.76867,j,maya68,a_unrelated,orthographic,unrel
,СТРАДАТЬ,,0.804565,j,peikko,a_unrelated,orthographic,unrel
,СТРАДАТЬ,,0.672345,j,vesna,a_unrelated,orthographic,unrel
,СТРАДАТЬ,,0.594975,j,Zoya,a_unrelated,orthographic,unrel
,СТРАДАТЬ,,1.074,j,шима,a_unrelated,orthographic,unrel
,СТРОИТЬ,,0.591845,j,AAA_L1,a_unrelated,orthographic,unrel
,СТРОИТЬ,,0.59952,j,Jelenie Rainer L1,a_unrelated,orthographic,unrel
,СТРОИТЬ,,0.71691,j,jishasha_L1,a_unrelated,orthographic,unrel
,СТРОИТЬ,,0.683,j,Ren_L1,a_unrelated,orthographic,unrel
,СТРОИТЬ,,0.599635,j,Svetlo,a_unrelated,orthographic,unrel
,СЧИТАТЬ,,0.69969,j,maya68,a_unrelated,semantic,unrel
,СЧИТАТЬ,,0.6168,j,peikko,a_unrelated,semantic,unrel
,СЧИТАТЬ,,0.638,j,vesna,a_unrelated,semantic,unrel
,СЧИТАТЬ,,0.595375,j,Zoya,a_unrelated,semantic,unrel
,СЧИТАТЬ,,1.013,j,шима,a_unrelated,semantic,unrel
,ТЕРПЕТЬ,,0.91539,j,maya68,a_unrelated,orthographic,unrel
,ТЕРПЕТЬ,,0.611715,j,peikko,a_unrelated,orthographic,unrel
,ТЕРПЕТЬ,,0.564495,j,vesna,a_unrelated,orthographic,unrel
,ТЕРПЕТЬ,,0.595185,j,Zoya,a_unrelated,orthographic,unrel
,ТЕРПЕТЬ,,0.653,j,шима,a_unrelated,orthographic,unrel
,ТЕРЯТЬ,,0.83645,j,maya68,a_unrelated,orthographic,unrel
,ТЕРЯТЬ,,0.646925,j,peikko,a_unrelated,orthographic,unrel
,ТЕРЯТЬ,,0.55263,j,vesna,a_unrelated,orthographic,unrel
,ТЕРЯТЬ,,0.60006,j,Zoya,a_unrelated,orthographic,unrel
,ТЕРЯТЬ,,0.851,j,шима,a_unrelated,orthographic,unrel
,ТРАТИТЬ,,0.68409,j,maya68,a_unrelated,orthographic,unrel
,ТРАТИТЬ,,0.658085,j,peikko,a_unrelated,orthographic,unrel
,ТРАТИТЬ,,0.60533,j,vesna,a_unrelated,orthographic,unrel
,ТРАТИТЬ,,0.686805,j,Zoya,a_unrelated,orthographic,unrel
,ТРАТИТЬ,,0.693,j,шима,a_unrelated,orthographic,unrel
,УБИТЬ,,0.68897,j,peikko,a_unrelated,semantic,unrel
,УБИТЬ,,0.581405,j,vesna,a_unrelated,semantic,unrel
,УБИТЬ,,0.69548,j,Zoya,a_unrelated,semantic,unrel
,УБИТЬ,,0.765,j,шима,a_unrelated,semantic,unrel
,ХВАТИТЬ,,0.76399,j,maya68,a_unrelated,semantic,unrel
,ХВАТИТЬ,,0.845855,j,peikko,a_unrelated,semantic,unrel
,ХВАТИТЬ,,0.559785,j,vesna,a_unrelated,semantic,unrel
,ХВАТИТЬ,,0.56618,j,Zoya,a_unrelated,semantic,unrel
,ХВАТИТЬ,,0.672,j,шима,a_unrelated,semantic,unrel
,ЧИТАТЬ,,0.500505,j,AAA_L1,a_unrelated,semantic,unrel
,ЧИТАТЬ,,1.482395,j,Jelenie Rainer L1,a_unrelated,semantic,unrel
,ЧИТАТЬ,,0.57157,j,jishasha_L1,a_unrelated,semantic,unrel
,ЧИТАТЬ,,0.591,j,Ren_L1,a_unrelated,semantic,unrel
,ЧИТАТЬ,,0.723995,j,Svetlo,a_unrelated,semantic,unrel
